CAM01A_06152017_06202017_06160027.JPG,17
CAM01A_06152017_06202017_06160028.JPG,17
CAM01A_06152017_06202017_06160029.JPG,17
CAM01A_06152017_06202017_06160030.JPG,17
CAM01A_06152017_06202017_06160031.JPG,17
CAM01A_06152017_06202017_06160032.JPG,17
CAM01A_06152017_06202017_06160033.JPG,17
CAM01A_06152017_06202017_06160034.JPG,17
CAM01A_06152017_06202017_06160035.JPG,17
CAM01A_06152017_06202017_06160036.JPG,17
CAM01A_06152017_06202017_06160037.JPG,17
CAM01A_06152017_06202017_06160038.JPG,17
CAM01A_06152017_06202017_06160040.JPG,17
CAM01A_06152017_06202017_06160045.JPG,17
CAM01A_06152017_06202017_06160046.JPG,17
CAM01A_06152017_06202017_06160047.JPG,17
CAM01A_06152017_06202017_06160048.JPG,17
CAM01A_06152017_06202017_06160049.JPG,17
CAM01A_06152017_06202017_06160050.JPG,17
CAM01A_06152017_06202017_06160051.JPG,17
CAM01A_06152017_06202017_06160052.JPG,17
CAM01A_06152017_06202017_06160053.JPG,17
CAM01A_06152017_06202017_06160054.JPG,17
CAM01A_06152017_06202017_06160055.JPG,17
CAM01A_06152017_06202017_06160056.JPG,17
CAM01A_06152017_06202017_06160057.JPG,17
CAM01A_06152017_06202017_06160058.JPG,17
CAM01A_06152017_06202017_06160059.JPG,17
CAM01A_06152017_06202017_06160078.JPG,19
CAM01A_06152017_06202017_06160079.JPG,19
CAM01A_06152017_06202017_06160080.JPG,19
CAM01A_06152017_06202017_06160081.JPG,19
CAM01A_06152017_06202017_06160082.JPG,19
CAM01A_06152017_06202017_06160083.JPG,19
CAM01A_06202017_07122017_06210100.JPG,4
CAM01A_06202017_07122017_06210101.JPG,4
CAM01A_06202017_07122017_06210102.JPG,4
CAM01A_06202017_07122017_06220247.JPG,17
CAM01A_06202017_07122017_06220248.JPG,17
CAM01A_06202017_07122017_06220249.JPG,17
CAM01A_06202017_07122017_06220250.JPG,17
CAM01A_06202017_07122017_06220251.JPG,17
CAM01A_06202017_07122017_06220252.JPG,17
CAM01A_06202017_07122017_06250325.JPG,10
CAM01A_06202017_07122017_06250326.JPG,10
CAM01A_06202017_07122017_06250327.JPG,10
CAM01A_06202017_07122017_06250328.JPG,10
CAM01A_06202017_07122017_06250329.JPG,10
CAM01A_06202017_07122017_06250330.JPG,10
CAM01A_06202017_07122017_06260346.JPG,27
CAM01A_06202017_07122017_06260347.JPG,27
CAM01A_06202017_07122017_06260348.JPG,27
CAM01A_06202017_07122017_06260349.JPG,27
CAM01A_06202017_07122017_06260350.JPG,27
CAM01A_06202017_07122017_06260351.JPG,27
CAM01A_06202017_07122017_06260367.JPG,10
CAM01A_06202017_07122017_06260368.JPG,10
CAM01A_06202017_07122017_06260369.JPG,10
CAM01A_06202017_07122017_06260422.JPG,2
CAM01A_06202017_07122017_06260423.JPG,2
CAM01A_06202017_07122017_06260424.JPG,10
CAM01A_06202017_07122017_06260425.JPG,10
CAM01A_06202017_07122017_06260426.JPG,10
CAM01A_06202017_07122017_06270427.JPG,27
CAM01A_06202017_07122017_06270428.JPG,27
CAM01A_06202017_07122017_06270429.JPG,27
CAM01A_06202017_07122017_06270430.JPG,27
CAM01A_06202017_07122017_06270431.JPG,27
CAM01A_06202017_07122017_06270432.JPG,27
CAM01A_06202017_07122017_06270433.JPG,2
CAM01A_06202017_07122017_06270434.JPG,2
CAM01A_06202017_07122017_06270435.JPG,2
CAM01A_06202017_07122017_06270436.JPG,10
CAM01A_06202017_07122017_06270437.JPG,10
CAM01A_06202017_07122017_06270438.JPG,10
CAM01A_06202017_07122017_06270439.JPG,10
CAM01A_06202017_07122017_06270440.JPG,10
CAM01A_06202017_07122017_06270441.JPG,10
CAM01A_06202017_07122017_06270442.JPG,10
CAM01A_06202017_07122017_06270443.JPG,10
CAM01A_06202017_07122017_06270444.JPG,10
CAM01A_06202017_07122017_06280511.JPG,10
CAM01A_06202017_07122017_06280512.JPG,10
CAM01A_06202017_07122017_06280513.JPG,10
CAM01A_06202017_07122017_07020614.JPG,10
CAM01A_06202017_07122017_07020615.JPG,10
CAM01A_06202017_07122017_07020616.JPG,10
CAM01A_06202017_07122017_07020617.JPG,10
CAM01A_06202017_07122017_07020618.JPG,10
CAM01A_06202017_07122017_07020619.JPG,10
CAM01A_06202017_07122017_07020620.JPG,10
CAM01A_06202017_07122017_07020621.JPG,10
CAM01A_06202017_07122017_07020649.JPG,10
CAM01A_06202017_07122017_07020650.JPG,10
CAM01A_06202017_07122017_07020651.JPG,10
CAM01A_06202017_07122017_07020664.JPG,10
CAM01A_06202017_07122017_07020665.JPG,10
CAM01A_06202017_07122017_07020666.JPG,10
CAM01A_06202017_07122017_07020676.JPG,10
CAM01A_06202017_07122017_07020677.JPG,10
CAM01A_06202017_07122017_07020678.JPG,10
CAM01A_06202017_07122017_07020691.JPG,10
CAM01A_06202017_07122017_07020692.JPG,10
CAM01A_06202017_07122017_07020693.JPG,10
CAM01A_06202017_07122017_07020697.JPG,10
CAM01A_06202017_07122017_07020698.JPG,10
CAM01A_06202017_07122017_07020699.JPG,10
CAM01A_06202017_07122017_07030754.JPG,10
CAM01A_06202017_07122017_07030755.JPG,10
CAM01A_06202017_07122017_07030756.JPG,10
CAM01A_06202017_07122017_07040769.JPG,10
CAM01A_06202017_07122017_07040770.JPG,10
CAM01A_06202017_07122017_07040771.JPG,10
CAM01A_06202017_07122017_07040772.JPG,10
CAM01A_06202017_07122017_07040773.JPG,10
CAM01A_06202017_07122017_07040774.JPG,10
CAM01A_06202017_07122017_07040787.JPG,10
CAM01A_06202017_07122017_07040788.JPG,10
CAM01A_06202017_07122017_07040789.JPG,10
CAM01A_06202017_07122017_07040793.JPG,10
CAM01A_06202017_07122017_07040794.JPG,10
CAM01A_06202017_07122017_07040795.JPG,10
CAM01A_06202017_07122017_07050817.JPG,10
CAM01A_06202017_07122017_07050818.JPG,10
CAM01A_06202017_07122017_07050819.JPG,10
CAM01A_06202017_07122017_07050823.JPG,10
CAM01A_06202017_07122017_07050824.JPG,10
CAM01A_06202017_07122017_07050825.JPG,10
CAM01A_06202017_07122017_07060853.JPG,10
CAM01A_06202017_07122017_07060854.JPG,10
CAM01A_06202017_07122017_07060855.JPG,10
CAM01A_06202017_07122017_07060866.JPG,10
CAM01A_06202017_07122017_07060867.JPG,10
CAM01A_06202017_07122017_07060898.JPG,10
CAM01A_06202017_07122017_07060899.JPG,10
CAM01A_06202017_07122017_07080922.JPG,10
CAM01A_06202017_07122017_07080923.JPG,10
CAM01A_06202017_07122017_07080924.JPG,10
CAM01A_06202017_07122017_07090928.JPG,10
CAM01A_06202017_07122017_07090929.JPG,10
CAM01A_06202017_07122017_07090930.JPG,10
CAM01A_06202017_07122017_07090946.JPG,10
CAM01A_06202017_07122017_07090947.JPG,10
CAM01A_06202017_07122017_07090948.JPG,10
CAM01A_06202017_07122017_07100001.JPG,10
CAM01A_06202017_07122017_07100002.JPG,10
CAM01A_06202017_07122017_07100003.JPG,10
CAM01A_06202017_07122017_07100013.JPG,10
CAM01A_06202017_07122017_07100014.JPG,10
CAM01A_06202017_07122017_07100015.JPG,10
CAM01A_06202017_07122017_07100991.JPG,10
CAM01A_06202017_07122017_07100992.JPG,10
CAM01A_06202017_07122017_07100993.JPG,10
CAM01A_06202017_07122017_07110043.JPG,10
CAM01A_06202017_07122017_07110044.JPG,10
CAM01A_06202017_07122017_07110045.JPG,10
CAM01A_06202017_07122017_07110046.JPG,10
CAM01A_06202017_07122017_07110047.JPG,10
CAM01A_06202017_07122017_07110048.JPG,10
CAM01A_06202017_07122017_07110049.JPG,10
CAM01A_06202017_07122017_07110050.JPG,10
CAM01A_06202017_07122017_07110051.JPG,10
CAM01A_07122017_07312017_07120001.JPG,2
CAM01A_07122017_07312017_07150010.JPG,27
CAM01A_07122017_07312017_07150011.JPG,27
CAM01A_07122017_07312017_07150012.JPG,27
CAM01A_07122017_07312017_07150013.JPG,2
CAM01A_07122017_07312017_07150014.JPG,2
CAM01A_07122017_07312017_07160016.JPG,27
CAM01A_07122017_07312017_07160017.JPG,27
CAM01A_07122017_07312017_07160018.JPG,27
CAM01A_07122017_07312017_07160019.JPG,27
CAM01A_07122017_07312017_07160020.JPG,27
CAM01A_07122017_07312017_07160022.JPG,2
CAM01A_07122017_07312017_07160025.JPG,10
CAM01A_07122017_07312017_07160026.JPG,10
CAM01A_07122017_07312017_07160027.JPG,10
CAM01A_07122017_07312017_07160028.JPG,27
CAM01A_07122017_07312017_07160029.JPG,27
CAM01A_07122017_07312017_07160030.JPG,27
CAM01A_07122017_07312017_07180040.JPG,10
CAM01A_07122017_07312017_07200050.JPG,2
CAM01A_07122017_07312017_07210061.JPG,2
CAM01A_07122017_07312017_07210067.JPG,10
CAM01A_07122017_07312017_07210068.JPG,10
CAM01A_07122017_07312017_07210076.JPG,10
CAM01A_07122017_07312017_07210077.JPG,10
CAM01A_07122017_07312017_07210078.JPG,10
CAM01A_07122017_07312017_07210079.JPG,10
CAM01A_07122017_07312017_07210080.JPG,10
CAM01A_07122017_07312017_07210081.JPG,10
CAM01A_07122017_07312017_07210083.JPG,10
CAM01A_07122017_07312017_07210084.JPG,10
CAM01A_07122017_07312017_07230100.JPG,10
CAM01A_07122017_07312017_07230101.JPG,10
CAM01A_07122017_07312017_07230102.JPG,10
CAM01A_07122017_07312017_07240103.JPG,10
CAM01A_07122017_07312017_07240138.JPG,10
CAM01A_07122017_07312017_07260241.JPG,2
CAM01A_07122017_07312017_07260243.JPG,2
CAM01A_07122017_07312017_07260256.JPG,2
CAM01A_07122017_07312017_07280382.JPG,10
CAM01A_07122017_07312017_07280383.JPG,10
CAM01A_07122017_07312017_07280384.JPG,10
CAM01A_07122017_07312017_07280385.JPG,10
CAM01A_07122017_07312017_07280386.JPG,10
CAM01A_07122017_07312017_07280388.JPG,10
CAM01A_07122017_07312017_07280389.JPG,10
CAM01A_07122017_07312017_07280390.JPG,10
CAM01A_07122017_07312017_07280391.JPG,10
CAM01A_07122017_07312017_07280392.JPG,10
CAM01A_07122017_07312017_07280393.JPG,10
CAM01A_07122017_07312017_07280460.JPG,2
CAM01A_07122017_07312017_07300241.JPG,10
CAM01A_07122017_07312017_07300242.JPG,10
CAM01A_07122017_07312017_07300243.JPG,10
CAM01A_07122017_07312017_07310676.JPG,2
CAM01A_07122017_07312017_07310677.JPG,2
CAM01A_07312017_08142017_08060005.JPG,10
CAM01A_07312017_08142017_08060146.JPG,10
CAM01A_07312017_08142017_08060370.JPG,10
CAM01A_07312017_08142017_08060572.JPG,10
CAM01A_07312017_08142017_08060747.JPG,10
CAM01A_07312017_08142017_08060971.JPG,10
CAM01A_07312017_08142017_08090482.JPG,10
CAM01A_07312017_08142017_08090514.JPG,10
CAM01A_07312017_08142017_08090558.JPG,10
CAM01A_07312017_08142017_08090612.JPG,10
CAM01A_07312017_08142017_08090659.JPG,10
CAM01A_07312017_08142017_08090702.JPG,10
CAM01A_07312017_08142017_08130089.JPG,17
CAM01A_07312017_08142017_08130090.JPG,17
CAM01A_07312017_08142017_08130091.JPG,17
CAM01A_07312017_08142017_08130092.JPG,17
CAM01A_07312017_08142017_08130093.JPG,17
CAM01A_07312017_08142017_08130094.JPG,17
CAM01A_07312017_08142017_08130330.JPG,10
CAM01A_07312017_08142017_08130604.JPG,10
CAM01A_07312017_08142017_08140773.JPG,27
CAM01A_07312017_08142017_08140774.JPG,27
CAM01A_07312017_08142017_08140775.JPG,27
CAM01A_07312017_08142017_08140778.JPG,2
CAM01A_07312017_08142017_08140779.JPG,2
CAM01A_07312017_08142017_08140780.JPG,2
CAM01A_07312017_08142017_08140781.JPG,2
CAM01A_07312017_08142017_08140782.JPG,2
CAM01A_07312017_08142017_08140783.JPG,2
CAM01A_07312017_08142017_08140784.JPG,2
CAM01A_07312017_08142017_08140785.JPG,10
CAM01A_07312017_08142017_08140786.JPG,10
CAM01A_07312017_08142017_08140787.JPG,10
CAM02A_06152017_06212017_IMG_0073.JPG,19
CAM02A_06152017_06212017_IMG_0074.JPG,19
CAM02A_06152017_06212017_IMG_0075.JPG,19
CAM02A_06152017_06212017_IMG_0076.JPG,19
CAM02A_06152017_06212017_IMG_0077.JPG,19
CAM02A_06152017_06212017_IMG_0078.JPG,19
CAM02A_06152017_06212017_IMG_0079.JPG,19
CAM02A_06152017_06212017_IMG_0080.JPG,19
CAM02A_06152017_06212017_IMG_0088.JPG,19
CAM02A_06152017_06212017_IMG_0089.JPG,19
CAM02A_06152017_06212017_IMG_0090.JPG,19
CAM02A_06152017_06212017_IMG_0091.JPG,19
CAM02A_06152017_06212017_IMG_0092.JPG,19
CAM02A_06152017_06212017_IMG_0093.JPG,19
CAM02A_06152017_06212017_IMG_0094.JPG,19
CAM02A_06152017_06212017_IMG_0095.JPG,19
CAM02A_06152017_06212017_IMG_0096.JPG,19
CAM02A_06152017_06212017_IMG_0097.JPG,19
CAM02A_06152017_06212017_IMG_0098.JPG,19
CAM02A_06152017_06212017_IMG_0099.JPG,19
CAM02A_06152017_06212017_IMG_0100.JPG,19
CAM02A_06152017_06212017_IMG_0101.JPG,19
CAM02A_06152017_06212017_IMG_0102.JPG,19
CAM02A_06152017_06212017_IMG_0103.JPG,19
CAM02A_06152017_06212017_IMG_0104.JPG,19
CAM02A_06152017_06212017_IMG_0105.JPG,19
CAM02A_06152017_06212017_IMG_0106.JPG,19
CAM02A_06152017_06212017_IMG_0107.JPG,19
CAM02A_06152017_06212017_IMG_0108.JPG,19
CAM02A_06152017_06212017_IMG_0109.JPG,19
CAM02A_06152017_06212017_IMG_0110.JPG,19
CAM02A_06152017_06212017_IMG_0111.JPG,19
CAM02A_06212017_07122017_IMG_0184.JPG,12
CAM02A_06212017_07122017_IMG_0185.JPG,12
CAM02A_06212017_07122017_IMG_0186.JPG,12
CAM02A_06212017_07122017_IMG_0187.JPG,12
CAM02A_06212017_07122017_IMG_0188.JPG,12
CAM02A_06212017_07122017_IMG_0208.JPG,19
CAM02A_06212017_07122017_IMG_0209.JPG,19
CAM02A_06212017_07122017_IMG_0210.JPG,19
CAM02A_06212017_07122017_IMG_0217.JPG,19
CAM02A_06212017_07122017_IMG_0218.JPG,19
CAM02A_06212017_07122017_IMG_0219.JPG,19
CAM02A_07102017_07312017_IMG_0016.JPG,21
CAM02A_07102017_07312017_IMG_0017.JPG,21
CAM02A_07102017_07312017_IMG_0018.JPG,21
CAM02A_07102017_07312017_IMG_0019.JPG,21
CAM02A_07102017_07312017_IMG_0020.JPG,21
CAM02A_07102017_07312017_IMG_0022.JPG,21
CAM02A_07102017_07312017_IMG_0023.JPG,21
CAM02A_07102017_07312017_IMG_0024.JPG,21
CAM02A_07102017_07312017_IMG_0025.JPG,10
CAM02A_07102017_07312017_IMG_0026.JPG,10
CAM02A_07102017_07312017_IMG_0027.JPG,10
CAM02A_07102017_07312017_IMG_0028.JPG,21
CAM02A_07102017_07312017_IMG_0029.JPG,21
CAM02A_07102017_07312017_IMG_0030.JPG,21
CAM02A_07102017_07312017_IMG_0031.JPG,15
CAM02A_07102017_07312017_IMG_0032.JPG,15
CAM02A_07102017_07312017_IMG_0033.JPG,15
CAM02A_07102017_07312017_IMG_0034.JPG,15
CAM02A_07102017_07312017_IMG_0035.JPG,15
CAM02A_07102017_07312017_IMG_0036.JPG,15
CAM02A_07102017_07312017_IMG_0037.JPG,15
CAM02A_07102017_07312017_IMG_0038.JPG,15
CAM02A_07102017_07312017_IMG_0039.JPG,15
CAM02A_07102017_07312017_IMG_0040.JPG,15
CAM02A_07102017_07312017_IMG_0041.JPG,15
CAM02A_07102017_07312017_IMG_0042.JPG,15
CAM02A_07102017_07312017_IMG_0043.JPG,15
CAM02A_07102017_07312017_IMG_0044.JPG,15
CAM02A_07102017_07312017_IMG_0045.JPG,15
CAM02A_07102017_07312017_IMG_0049.JPG,22
CAM02A_07102017_07312017_IMG_0050.JPG,22
CAM02A_07102017_07312017_IMG_0051.JPG,22
CAM02A_07102017_07312017_IMG_0052.JPG,22
CAM02A_07102017_07312017_IMG_0053.JPG,22
CAM02A_07102017_07312017_IMG_0054.JPG,22
CAM02A_07102017_07312017_IMG_0055.JPG,22
CAM02A_07102017_07312017_IMG_0056.JPG,22
CAM02A_07102017_07312017_IMG_0057.JPG,22
CAM02A_07102017_07312017_IMG_0058.JPG,22
CAM02A_07102017_07312017_IMG_0059.JPG,22
CAM02A_07102017_07312017_IMG_0060.JPG,22
CAM02A_07102017_07312017_IMG_0061.JPG,22
CAM02A_07102017_07312017_IMG_0062.JPG,22
CAM02A_07102017_07312017_IMG_0063.JPG,22
CAM02A_07102017_07312017_IMG_0067.JPG,19
CAM02A_07102017_07312017_IMG_0068.JPG,19
CAM02A_07102017_07312017_IMG_0069.JPG,19
CAM02A_07102017_07312017_IMG_0070.JPG,19
CAM02A_07102017_07312017_IMG_0071.JPG,19
CAM02A_07102017_07312017_IMG_0072.JPG,19
CAM02A_07102017_07312017_IMG_0073.JPG,19
CAM02A_07102017_07312017_IMG_0074.JPG,19
CAM02A_07102017_07312017_IMG_0075.JPG,19
CAM02A_07312017_08142017_IMG_0001.JPG,2
CAM02A_07312017_08142017_IMG_0004.JPG,2
CAM02A_07312017_08142017_IMG_0025.JPG,19
CAM02A_07312017_08142017_IMG_0026.JPG,19
CAM02A_07312017_08142017_IMG_0027.JPG,19
CAM02A_07312017_08142017_IMG_0029.JPG,2
CAM02A_07312017_08142017_IMG_0031.JPG,21
CAM02A_07312017_08142017_IMG_0032.JPG,21
CAM02A_07312017_08142017_IMG_0033.JPG,21
CAM02A_07312017_08142017_IMG_0034.JPG,21
CAM02A_07312017_08142017_IMG_0035.JPG,21
CAM02A_07312017_08142017_IMG_0036.JPG,21
CAM02A_07312017_08142017_IMG_0040.JPG,21
CAM02A_07312017_08142017_IMG_0041.JPG,21
CAM02A_07312017_08142017_IMG_0042.JPG,21
CAM02A_07312017_08142017_IMG_0043.JPG,19
CAM02A_07312017_08142017_IMG_0044.JPG,19
CAM02A_07312017_08142017_IMG_0045.JPG,19
CAM02A_07312017_08142017_IMG_0046.JPG,19
CAM02A_07312017_08142017_IMG_0047.JPG,19
CAM02A_07312017_08142017_IMG_0048.JPG,19
CAM02A_07312017_08142017_IMG_0049.JPG,19
CAM02A_07312017_08142017_IMG_0050.JPG,19
CAM02A_07312017_08142017_IMG_0051.JPG,19
CAM02A_07312017_08142017_IMG_0052.JPG,19
CAM02A_07312017_08142017_IMG_0053.JPG,19
CAM02A_07312017_08142017_IMG_0054.JPG,19
CAM02A_07312017_08142017_IMG_0055.JPG,19
CAM02A_07312017_08142017_IMG_0056.JPG,19
CAM02A_07312017_08142017_IMG_0057.JPG,19
CAM02A_07312017_08142017_IMG_0058.JPG,19
CAM02A_07312017_08142017_IMG_0059.JPG,19
CAM02A_07312017_08142017_IMG_0060.JPG,19
CAM02A_07312017_08142017_IMG_0061.JPG,21
CAM02A_07312017_08142017_IMG_0062.JPG,21
CAM02A_07312017_08142017_IMG_0063.JPG,21
CAM02A_07312017_08142017_IMG_0064.JPG,21
CAM02A_07312017_08142017_IMG_0065.JPG,21
CAM02A_07312017_08142017_IMG_0066.JPG,21
CAM02A_07312017_08142017_IMG_0068.JPG,2
CAM02B_06212017_07122017_IMG_0082.JPG,12
CAM02B_06212017_07122017_IMG_0083.JPG,12
CAM02B_06212017_07122017_IMG_0084.JPG,12
CAM02B_07102017_07312017_IMG_0004.JPG,10
CAM02B_07102017_07312017_IMG_0005.JPG,10
CAM02B_07102017_07312017_IMG_0006.JPG,10
CAM02B_07102017_07312017_IMG_0007.JPG,4
CAM02B_07102017_07312017_IMG_0008.JPG,4
CAM02B_07102017_07312017_IMG_0009.JPG,4
CAM02B_07312017_08142017_09300019.JPG,2
CAM02B_07312017_08142017_09300020.JPG,2
CAM02B_07312017_08142017_09300021.JPG,2
CAM02B_07312017_08142017_IMG_0007.JPG,4
CAM02B_07312017_08142017_IMG_0008.JPG,4
CAM02B_07312017_08142017_IMG_0009.JPG,4
CAM02B_07312017_08142017_IMG_0010.JPG,19
CAM02B_07312017_08142017_IMG_0011.JPG,19
CAM02B_07312017_08142017_IMG_0012.JPG,19
CAM02B_07312017_08142017_IMG_0013.JPG,19
CAM02B_07312017_08142017_IMG_0014.JPG,19
CAM02B_07312017_08142017_IMG_0015.JPG,19
CAM03A_06262017_07102017_06260060.JPG,17
CAM03A_06262017_07102017_06260061.JPG,17
CAM03A_06262017_07102017_06260062.JPG,17
CAM03A_06262017_07102017_06260063.JPG,17
CAM03A_06262017_07102017_06260064.JPG,17
CAM03A_06262017_07102017_06260065.JPG,17
CAM03A_06262017_07102017_06260066.JPG,17
CAM03A_06262017_07102017_06260067.JPG,17
CAM03A_06262017_07102017_06260068.JPG,17
CAM03A_06262017_07102017_06260069.JPG,17
CAM03A_06262017_07102017_06260070.JPG,17
CAM03A_06262017_07102017_06260071.JPG,17
CAM03A_06262017_07102017_06260075.JPG,17
CAM03A_06262017_07102017_06260076.JPG,17
CAM03A_06262017_07102017_06260077.JPG,17
CAM03A_06262017_07102017_06260078.JPG,17
CAM03A_06262017_07102017_06260079.JPG,17
CAM03A_06262017_07102017_06260080.JPG,17
CAM03A_06262017_07102017_06270081.JPG,17
CAM03A_06262017_07102017_06270082.JPG,17
CAM03A_06262017_07102017_06270083.JPG,17
CAM03A_06262017_07102017_06270084.JPG,17
CAM03A_06262017_07102017_06270085.JPG,17
CAM03A_06262017_07102017_06270086.JPG,17
CAM03A_06262017_07102017_06280093.JPG,17
CAM03A_06262017_07102017_06280094.JPG,17
CAM03A_06262017_07102017_06280095.JPG,17
CAM03A_06262017_07102017_06280126.JPG,17
CAM03A_06262017_07102017_06280127.JPG,17
CAM03A_06262017_07102017_06280128.JPG,17
CAM03A_06262017_07102017_07020705.JPG,17
CAM03A_06262017_07102017_07020706.JPG,17
CAM03A_06262017_07102017_07020707.JPG,17
CAM03A_06262017_07102017_07050798.JPG,17
CAM03A_06262017_07102017_07050799.JPG,17
CAM03A_06262017_07102017_07050800.JPG,17
CAM03A_06262017_07102017_07050801.JPG,17
CAM03A_06262017_07102017_07050802.JPG,17
CAM03A_06262017_07102017_07050803.JPG,17
CAM03A_06262017_07102017_07050804.JPG,17
CAM03A_06262017_07102017_07050805.JPG,17
CAM03A_06262017_07102017_07050806.JPG,17
CAM03A_06262017_07102017_07050807.JPG,17
CAM03A_06262017_07102017_07050808.JPG,17
CAM03A_06262017_07102017_07050809.JPG,17
CAM03A_06262017_07102017_07050810.JPG,17
CAM03A_06262017_07102017_07050811.JPG,17
CAM03A_06262017_07102017_07050812.JPG,17
CAM03A_06262017_07102017_07050813.JPG,17
CAM03A_06262017_07102017_07050814.JPG,17
CAM03A_06262017_07102017_07050815.JPG,17
CAM03A_06262017_07102017_07050816.JPG,17
CAM03A_06262017_07102017_07050817.JPG,17
CAM03A_06262017_07102017_07050818.JPG,17
CAM03A_06262017_07102017_07050819.JPG,17
CAM03A_06262017_07102017_07050820.JPG,17
CAM03A_06262017_07102017_07050821.JPG,17
CAM03A_06262017_07102017_07070822.JPG,2
CAM03A_06262017_07102017_07070823.JPG,2
CAM03A_06262017_07102017_07070824.JPG,2
CAM03A_06262017_07102017_07070825.JPG,17
CAM03A_06262017_07102017_07070826.JPG,17
CAM03A_06262017_07102017_07070827.JPG,17
CAM03A_06262017_07102017_07070828.JPG,17
CAM03A_06262017_07102017_07070829.JPG,17
CAM03A_06262017_07102017_07070830.JPG,17
CAM03A_06262017_07102017_07080831.JPG,17
CAM03A_06262017_07102017_07080832.JPG,17
CAM03A_06262017_07102017_07080833.JPG,17
CAM03A_06262017_07102017_07080834.JPG,17
CAM03A_06262017_07102017_07080835.JPG,17
CAM03A_06262017_07102017_07080836.JPG,17
CAM03A_06262017_07102017_07080837.JPG,17
CAM03A_06262017_07102017_07080838.JPG,17
CAM03A_06262017_07102017_07080839.JPG,17
CAM03A_06262017_07102017_07080840.JPG,17
CAM03A_06262017_07102017_07080841.JPG,17
CAM03A_06262017_07102017_07080842.JPG,17
CAM03A_06262017_07102017_07080843.JPG,17
CAM03A_06262017_07102017_07080844.JPG,17
CAM03A_06262017_07102017_07080845.JPG,17
CAM03A_06262017_07102017_07080849.JPG,24
CAM03A_06262017_07102017_07080850.JPG,24
CAM03A_06262017_07102017_07080851.JPG,24
CAM03A_06262017_07102017_07080855.JPG,17
CAM03A_06262017_07102017_07080856.JPG,17
CAM03A_06262017_07102017_07080857.JPG,17
CAM03A_06262017_07102017_07090897.JPG,17
CAM03A_06262017_07102017_07090898.JPG,17
CAM03A_06262017_07102017_07090899.JPG,17
CAM03A_07102017_08012017_07100013.JPG,17
CAM03A_07102017_08012017_07100014.JPG,17
CAM03A_07102017_08012017_07100015.JPG,17
CAM03A_07102017_08012017_07100016.JPG,17
CAM03A_07102017_08012017_07100017.JPG,17
CAM03A_07102017_08012017_07100018.JPG,17
CAM03A_07102017_08012017_07110019.JPG,24
CAM03A_07102017_08012017_07110020.JPG,24
CAM03A_07102017_08012017_07110021.JPG,24
CAM03A_07102017_08012017_07140028.JPG,17
CAM03A_07102017_08012017_07140029.JPG,17
CAM03A_07102017_08012017_07140030.JPG,17
CAM03A_07102017_08012017_07140031.JPG,17
CAM03A_07102017_08012017_07140032.JPG,17
CAM03A_07102017_08012017_07140033.JPG,17
CAM03A_07102017_08012017_07150037.JPG,17
CAM03A_07102017_08012017_07150038.JPG,17
CAM03A_07102017_08012017_07150039.JPG,17
CAM03A_07102017_08012017_07170046.JPG,17
CAM03A_07102017_08012017_07170047.JPG,17
CAM03A_07102017_08012017_07170048.JPG,17
CAM03A_07102017_08012017_07180061.JPG,2
CAM03A_07102017_08012017_07180062.JPG,2
CAM03A_07102017_08012017_07180063.JPG,2
CAM03A_07102017_08012017_07190064.JPG,17
CAM03A_07102017_08012017_07190065.JPG,17
CAM03A_07102017_08012017_07190066.JPG,17
CAM03A_07102017_08012017_07200067.JPG,17
CAM03A_07102017_08012017_07200068.JPG,17
CAM03A_07102017_08012017_07200069.JPG,17
CAM03A_07102017_08012017_07200070.JPG,17
CAM03A_07102017_08012017_07200071.JPG,17
CAM03A_07102017_08012017_07200072.JPG,17
CAM03A_07102017_08012017_07200073.JPG,17
CAM03A_07102017_08012017_07200074.JPG,17
CAM03A_07102017_08012017_07200075.JPG,17
CAM03A_07102017_08012017_07200076.JPG,17
CAM03A_07102017_08012017_07200077.JPG,17
CAM03A_07102017_08012017_07200078.JPG,17
CAM03A_07102017_08012017_07210082.JPG,17
CAM03A_07102017_08012017_07210083.JPG,17
CAM03A_07102017_08012017_07210084.JPG,17
CAM03A_07102017_08012017_07210085.JPG,17
CAM03A_07102017_08012017_07210086.JPG,17
CAM03A_07102017_08012017_07210087.JPG,17
CAM03A_07102017_08012017_07210088.JPG,17
CAM03A_07102017_08012017_07210089.JPG,17
CAM03A_07102017_08012017_07210090.JPG,17
CAM03A_07102017_08012017_07210091.JPG,17
CAM03A_07102017_08012017_07210092.JPG,17
CAM03A_07102017_08012017_07210093.JPG,17
CAM03A_07102017_08012017_07210100.JPG,17
CAM03A_07102017_08012017_07210101.JPG,17
CAM03A_07102017_08012017_07210102.JPG,17
CAM03A_07102017_08012017_07210103.JPG,17
CAM03A_07102017_08012017_07210104.JPG,17
CAM03A_07102017_08012017_07210105.JPG,17
CAM03A_07102017_08012017_07210106.JPG,17
CAM03A_07102017_08012017_07210107.JPG,17
CAM03A_07102017_08012017_07210108.JPG,17
CAM03A_07102017_08012017_07210109.JPG,17
CAM03A_07102017_08012017_07210110.JPG,17
CAM03A_07102017_08012017_07210111.JPG,17
CAM03A_07102017_08012017_07210112.JPG,17
CAM03A_07102017_08012017_07210113.JPG,17
CAM03A_07102017_08012017_07210114.JPG,17
CAM03A_07102017_08012017_07210115.JPG,17
CAM03A_07102017_08012017_07210116.JPG,17
CAM03A_07102017_08012017_07210117.JPG,17
CAM03A_07102017_08012017_07210118.JPG,17
CAM03A_07102017_08012017_07210119.JPG,17
CAM03A_07102017_08012017_07210120.JPG,17
CAM03A_07102017_08012017_07210121.JPG,17
CAM03A_07102017_08012017_07210122.JPG,17
CAM03A_07102017_08012017_07210123.JPG,17
CAM03A_07102017_08012017_07210124.JPG,17
CAM03A_07102017_08012017_07210125.JPG,17
CAM03A_07102017_08012017_07210126.JPG,17
CAM03A_07102017_08012017_07210127.JPG,17
CAM03A_07102017_08012017_07210128.JPG,17
CAM03A_07102017_08012017_07210129.JPG,17
CAM03A_07102017_08012017_07210130.JPG,17
CAM03A_07102017_08012017_07210131.JPG,17
CAM03A_07102017_08012017_07210132.JPG,17
CAM03A_07102017_08012017_07210133.JPG,17
CAM03A_07102017_08012017_07210134.JPG,17
CAM03A_07102017_08012017_07210135.JPG,17
CAM03A_07102017_08012017_07210136.JPG,17
CAM03A_07102017_08012017_07210137.JPG,17
CAM03A_07102017_08012017_07210138.JPG,17
CAM03A_07102017_08012017_07210142.JPG,17
CAM03A_07102017_08012017_07210143.JPG,17
CAM03A_07102017_08012017_07210144.JPG,17
CAM03A_07102017_08012017_07210145.JPG,17
CAM03A_07102017_08012017_07210146.JPG,17
CAM03A_07102017_08012017_07210147.JPG,17
CAM03A_07102017_08012017_07210151.JPG,17
CAM03A_07102017_08012017_07210152.JPG,17
CAM03A_07102017_08012017_07210153.JPG,17
CAM03A_07102017_08012017_07210154.JPG,17
CAM03A_07102017_08012017_07210155.JPG,17
CAM03A_07102017_08012017_07210156.JPG,17
CAM03A_07102017_08012017_07210157.JPG,17
CAM03A_07102017_08012017_07210158.JPG,17
CAM03A_07102017_08012017_07210159.JPG,17
CAM03A_07102017_08012017_07210163.JPG,17
CAM03A_07102017_08012017_07210164.JPG,17
CAM03A_07102017_08012017_07210165.JPG,17
CAM03A_07102017_08012017_07210166.JPG,17
CAM03A_07102017_08012017_07210167.JPG,17
CAM03A_07102017_08012017_07210168.JPG,17
CAM03A_07102017_08012017_07210169.JPG,17
CAM03A_07102017_08012017_07210170.JPG,17
CAM03A_07102017_08012017_07210171.JPG,17
CAM03A_07102017_08012017_07210175.JPG,17
CAM03A_07102017_08012017_07210176.JPG,17
CAM03A_07102017_08012017_07210177.JPG,17
CAM03A_07102017_08012017_07210178.JPG,17
CAM03A_07102017_08012017_07210179.JPG,17
CAM03A_07102017_08012017_07210180.JPG,17
CAM03A_07102017_08012017_07210181.JPG,17
CAM03A_07102017_08012017_07210182.JPG,17
CAM03A_07102017_08012017_07210183.JPG,17
CAM03A_07102017_08012017_07210184.JPG,17
CAM03A_07102017_08012017_07210185.JPG,17
CAM03A_07102017_08012017_07210186.JPG,17
CAM03A_07102017_08012017_07210187.JPG,17
CAM03A_07102017_08012017_07210188.JPG,17
CAM03A_07102017_08012017_07210189.JPG,17
CAM03A_07102017_08012017_07210190.JPG,17
CAM03A_07102017_08012017_07210191.JPG,17
CAM03A_07102017_08012017_07210192.JPG,17
CAM03A_07102017_08012017_07210193.JPG,17
CAM03A_07102017_08012017_07210194.JPG,17
CAM03A_07102017_08012017_07210195.JPG,17
CAM03A_07102017_08012017_07210196.JPG,17
CAM03A_07102017_08012017_07210197.JPG,17
CAM03A_07102017_08012017_07210198.JPG,17
CAM03A_07102017_08012017_07210199.JPG,17
CAM03A_07102017_08012017_07210200.JPG,17
CAM03A_07102017_08012017_07210201.JPG,17
CAM03A_07102017_08012017_07210202.JPG,17
CAM03A_07102017_08012017_07210203.JPG,17
CAM03A_07102017_08012017_07210204.JPG,17
CAM03A_07102017_08012017_07250238.JPG,17
CAM03A_07102017_08012017_07250239.JPG,17
CAM03A_07102017_08012017_07250240.JPG,17
CAM03A_07102017_08012017_07250241.JPG,17
CAM03A_07102017_08012017_07250242.JPG,17
CAM03A_07102017_08012017_07250243.JPG,17
CAM03A_07102017_08012017_07250244.JPG,17
CAM03A_07102017_08012017_07250245.JPG,17
CAM03A_07102017_08012017_07250246.JPG,17
CAM03A_07102017_08012017_07250247.JPG,17
CAM03A_07102017_08012017_07250248.JPG,17
CAM03A_07102017_08012017_07250249.JPG,17
CAM03A_07102017_08012017_07250250.JPG,17
CAM03A_07102017_08012017_07250251.JPG,17
CAM03A_07102017_08012017_07250252.JPG,17
CAM03A_07102017_08012017_07250253.JPG,17
CAM03A_07102017_08012017_07250254.JPG,17
CAM03A_07102017_08012017_07250255.JPG,17
CAM03A_07102017_08012017_07250256.JPG,17
CAM03A_07102017_08012017_07250257.JPG,17
CAM03A_07102017_08012017_07250258.JPG,17
CAM03A_07102017_08012017_07250259.JPG,17
CAM03A_07102017_08012017_07250260.JPG,17
CAM03A_07102017_08012017_07250261.JPG,17
CAM03A_07102017_08012017_07250262.JPG,17
CAM03A_07102017_08012017_07250263.JPG,17
CAM03A_07102017_08012017_07250264.JPG,17
CAM03A_07102017_08012017_07250265.JPG,17
CAM03A_07102017_08012017_07250266.JPG,17
CAM03A_07102017_08012017_07250267.JPG,17
CAM03A_07102017_08012017_07260268.JPG,17
CAM03A_07102017_08012017_07260269.JPG,17
CAM03A_07102017_08012017_07260270.JPG,17
CAM03A_07102017_08012017_07260271.JPG,17
CAM03A_07102017_08012017_07260272.JPG,17
CAM03A_07102017_08012017_07260273.JPG,17
CAM03A_07102017_08012017_07260280.JPG,17
CAM03A_07102017_08012017_07260281.JPG,17
CAM03A_07102017_08012017_07260282.JPG,17
CAM03A_07102017_08012017_07260283.JPG,17
CAM03A_07102017_08012017_07260284.JPG,17
CAM03A_07102017_08012017_07260285.JPG,17
CAM03A_07102017_08012017_07260286.JPG,17
CAM03A_07102017_08012017_07260287.JPG,17
CAM03A_07102017_08012017_07260288.JPG,17
CAM03A_07102017_08012017_07260289.JPG,17
CAM03A_07102017_08012017_07260290.JPG,17
CAM03A_07102017_08012017_07260291.JPG,17
CAM03A_07102017_08012017_07260292.JPG,17
CAM03A_07102017_08012017_07260293.JPG,17
CAM03A_07102017_08012017_07260294.JPG,17
CAM03A_07102017_08012017_07260295.JPG,17
CAM03A_07102017_08012017_07260296.JPG,17
CAM03A_07102017_08012017_07260297.JPG,17
CAM03A_07102017_08012017_07260298.JPG,17
CAM03A_07102017_08012017_07260299.JPG,17
CAM03A_07102017_08012017_07260300.JPG,17
CAM03A_07102017_08012017_07260301.JPG,17
CAM03A_07102017_08012017_07260302.JPG,17
CAM03A_07102017_08012017_07260303.JPG,17
CAM03A_07102017_08012017_07260304.JPG,17
CAM03A_07102017_08012017_07260305.JPG,17
CAM03A_07102017_08012017_07260306.JPG,17
CAM03A_07102017_08012017_07260307.JPG,17
CAM03A_07102017_08012017_07260308.JPG,17
CAM03A_07102017_08012017_07260309.JPG,17
CAM03A_07102017_08012017_07260310.JPG,17
CAM03A_07102017_08012017_07260311.JPG,17
CAM03A_07102017_08012017_07260312.JPG,17
CAM03A_07102017_08012017_07260313.JPG,17
CAM03A_07102017_08012017_07260314.JPG,17
CAM03A_07102017_08012017_07260315.JPG,17
CAM03A_07102017_08012017_07260316.JPG,17
CAM03A_07102017_08012017_07260317.JPG,17
CAM03A_07102017_08012017_07260318.JPG,17
CAM03A_07102017_08012017_07260319.JPG,17
CAM03A_07102017_08012017_07260320.JPG,17
CAM03A_07102017_08012017_07260321.JPG,17
CAM03A_07102017_08012017_07260322.JPG,17
CAM03A_07102017_08012017_07260323.JPG,17
CAM03A_07102017_08012017_07260324.JPG,17
CAM03A_07102017_08012017_07260325.JPG,17
CAM03A_07102017_08012017_07260326.JPG,17
CAM03A_07102017_08012017_07260327.JPG,17
CAM03A_07102017_08012017_07260328.JPG,17
CAM03A_07102017_08012017_07260329.JPG,17
CAM03A_07102017_08012017_07260330.JPG,17
CAM03A_07102017_08012017_07260331.JPG,17
CAM03A_07102017_08012017_07260332.JPG,17
CAM03A_07102017_08012017_07260333.JPG,17
CAM03A_07102017_08012017_07260334.JPG,17
CAM03A_07102017_08012017_07260335.JPG,17
CAM03A_07102017_08012017_07260336.JPG,17
CAM03A_07102017_08012017_07260337.JPG,17
CAM03A_07102017_08012017_07260338.JPG,17
CAM03A_07102017_08012017_07260339.JPG,17
CAM03A_07102017_08012017_07270346.JPG,17
CAM03A_07102017_08012017_07270347.JPG,17
CAM03A_07102017_08012017_07270348.JPG,17
CAM03A_07102017_08012017_07270349.JPG,17
CAM03A_07102017_08012017_07270350.JPG,17
CAM03A_07102017_08012017_07270351.JPG,17
CAM03A_07102017_08012017_07270352.JPG,17
CAM03A_07102017_08012017_07270353.JPG,17
CAM03A_07102017_08012017_07270354.JPG,17
CAM03A_07102017_08012017_07270355.JPG,17
CAM03A_07102017_08012017_07270356.JPG,17
CAM03A_07102017_08012017_07270357.JPG,17
CAM03A_07102017_08012017_07270358.JPG,17
CAM03A_07102017_08012017_07270359.JPG,17
CAM03A_07102017_08012017_07270360.JPG,17
CAM03A_07102017_08012017_07270361.JPG,17
CAM03A_07102017_08012017_07270362.JPG,17
CAM03A_07102017_08012017_07270363.JPG,17
CAM03A_07102017_08012017_07270364.JPG,17
CAM03A_07102017_08012017_07270365.JPG,17
CAM03A_07102017_08012017_07270366.JPG,17
CAM03A_07102017_08012017_07270367.JPG,17
CAM03A_07102017_08012017_07270368.JPG,17
CAM03A_07102017_08012017_07270369.JPG,17
CAM03A_07102017_08012017_07270370.JPG,17
CAM03A_07102017_08012017_07270371.JPG,17
CAM03A_07102017_08012017_07270372.JPG,17
CAM03A_07102017_08012017_07270373.JPG,17
CAM03A_07102017_08012017_07270374.JPG,17
CAM03A_07102017_08012017_07270375.JPG,17
CAM03A_07102017_08012017_07290376.JPG,2
CAM03A_07102017_08012017_07290377.JPG,2
CAM03A_07102017_08012017_07290378.JPG,2
CAM03A_07102017_08012017_07290379.JPG,6
CAM03A_07102017_08012017_07290380.JPG,6
CAM03A_07102017_08012017_07290381.JPG,6
CAM03A_07102017_08012017_07310400.JPG,17
CAM03A_07102017_08012017_07310401.JPG,17
CAM03A_07102017_08012017_07310402.JPG,17
CAM03A_08012017_08162017_08020925.JPG,17
CAM03A_08012017_08162017_08020926.JPG,17
CAM03A_08012017_08162017_08020927.JPG,17
CAM03A_08012017_08162017_08030928.JPG,17
CAM03A_08012017_08162017_08030929.JPG,17
CAM03A_08012017_08162017_08030930.JPG,17
CAM03A_08012017_08162017_08030931.JPG,17
CAM03A_08012017_08162017_08030932.JPG,17
CAM03A_08012017_08162017_08030933.JPG,17
CAM03A_08012017_08162017_08030934.JPG,17
CAM03A_08012017_08162017_08030935.JPG,17
CAM03A_08012017_08162017_08030936.JPG,17
CAM03A_08012017_08162017_08030937.JPG,17
CAM03A_08012017_08162017_08030938.JPG,17
CAM03A_08012017_08162017_08030939.JPG,17
CAM03A_08012017_08162017_08030940.JPG,17
CAM03A_08012017_08162017_08030941.JPG,17
CAM03A_08012017_08162017_08030942.JPG,17
CAM03A_08012017_08162017_08030943.JPG,17
CAM03A_08012017_08162017_08030944.JPG,17
CAM03A_08012017_08162017_08030945.JPG,17
CAM03A_08012017_08162017_08040946.JPG,17
CAM03A_08012017_08162017_08040947.JPG,17
CAM03A_08012017_08162017_08040948.JPG,17
CAM03A_08012017_08162017_08040952.JPG,17
CAM03A_08012017_08162017_08040953.JPG,17
CAM03A_08012017_08162017_08040954.JPG,17
CAM03A_08012017_08162017_08040958.JPG,17
CAM03A_08012017_08162017_08040959.JPG,17
CAM03A_08012017_08162017_08040960.JPG,17
CAM03A_08012017_08162017_08040961.JPG,17
CAM03A_08012017_08162017_08040962.JPG,17
CAM03A_08012017_08162017_08040963.JPG,17
CAM03A_08012017_08162017_08040964.JPG,17
CAM03A_08012017_08162017_08040965.JPG,17
CAM03A_08012017_08162017_08040966.JPG,17
CAM03A_08012017_08162017_08040967.JPG,17
CAM03A_08012017_08162017_08040968.JPG,17
CAM03A_08012017_08162017_08040969.JPG,17
CAM03A_08012017_08162017_08040976.JPG,17
CAM03A_08012017_08162017_08040977.JPG,17
CAM03A_08012017_08162017_08040978.JPG,17
CAM03A_08012017_08162017_08040979.JPG,17
CAM03A_08012017_08162017_08040980.JPG,17
CAM03A_08012017_08162017_08040981.JPG,17
CAM03A_08012017_08162017_08050982.JPG,17
CAM03A_08012017_08162017_08050983.JPG,17
CAM03A_08012017_08162017_08050984.JPG,17
CAM03A_08012017_08162017_08050985.JPG,17
CAM03A_08012017_08162017_08050986.JPG,17
CAM03A_08012017_08162017_08050987.JPG,17
CAM03A_08012017_08162017_08060004.JPG,17
CAM03A_08012017_08162017_08060005.JPG,17
CAM03A_08012017_08162017_08060006.JPG,17
CAM03A_08012017_08162017_08060007.JPG,17
CAM03A_08012017_08162017_08060008.JPG,17
CAM03A_08012017_08162017_08060009.JPG,17
CAM03A_08012017_08162017_08060010.JPG,17
CAM03A_08012017_08162017_08060011.JPG,17
CAM03A_08012017_08162017_08060012.JPG,17
CAM03A_08012017_08162017_08060013.JPG,17
CAM03A_08012017_08162017_08060014.JPG,17
CAM03A_08012017_08162017_08060015.JPG,17
CAM03A_08012017_08162017_08060016.JPG,17
CAM03A_08012017_08162017_08060017.JPG,17
CAM03A_08012017_08162017_08060018.JPG,17
CAM03A_08012017_08162017_08060988.JPG,17
CAM03A_08012017_08162017_08060989.JPG,17
CAM03A_08012017_08162017_08060990.JPG,17
CAM03A_08012017_08162017_08060991.JPG,17
CAM03A_08012017_08162017_08060992.JPG,17
CAM03A_08012017_08162017_08060993.JPG,17
CAM03A_08012017_08162017_08060994.JPG,17
CAM03A_08012017_08162017_08060995.JPG,17
CAM03A_08012017_08162017_08060996.JPG,17
CAM03A_08012017_08162017_08060997.JPG,17
CAM03A_08012017_08162017_08060998.JPG,17
CAM03A_08012017_08162017_08060999.JPG,17
CAM03A_08012017_08162017_08070022.JPG,17
CAM03A_08012017_08162017_08070023.JPG,17
CAM03A_08012017_08162017_08070024.JPG,17
CAM03A_08012017_08162017_08070025.JPG,17
CAM03A_08012017_08162017_08070026.JPG,17
CAM03A_08012017_08162017_08070027.JPG,17
CAM03A_08012017_08162017_08080028.JPG,17
CAM03A_08012017_08162017_08080029.JPG,17
CAM03A_08012017_08162017_08080030.JPG,17
CAM03A_08012017_08162017_08080031.JPG,17
CAM03A_08012017_08162017_08080032.JPG,17
CAM03A_08012017_08162017_08080033.JPG,17
CAM03A_08012017_08162017_08080034.JPG,17
CAM03A_08012017_08162017_08080035.JPG,17
CAM03A_08012017_08162017_08080036.JPG,17
CAM03A_08012017_08162017_08090037.JPG,17
CAM03A_08012017_08162017_08090038.JPG,17
CAM03A_08012017_08162017_08090039.JPG,17
CAM03A_08012017_08162017_08090040.JPG,17
CAM03A_08012017_08162017_08090041.JPG,17
CAM03A_08012017_08162017_08090042.JPG,17
CAM03A_08012017_08162017_08110043.JPG,17
CAM03A_08012017_08162017_08110044.JPG,17
CAM03A_08012017_08162017_08110045.JPG,17
CAM03A_08012017_08162017_08120046.JPG,17
CAM03A_08012017_08162017_08120047.JPG,17
CAM03A_08012017_08162017_08140055.JPG,17
CAM03A_08012017_08162017_08140056.JPG,17
CAM03A_08012017_08162017_08140057.JPG,17
CAM03A_08012017_08162017_08140061.JPG,17
CAM03A_08012017_08162017_08140062.JPG,17
CAM03A_08012017_08162017_08140063.JPG,17
CAM03A_08012017_08162017_08140064.JPG,17
CAM03A_08012017_08162017_08140065.JPG,17
CAM03A_08012017_08162017_08140066.JPG,17
CAM03A_08012017_08162017_08150070.JPG,17
CAM03A_08012017_08162017_08150071.JPG,17
CAM03A_08012017_08162017_08150072.JPG,17
CAM03B_06262017_07102017_06270073.JPG,9
CAM03B_06262017_07102017_06270074.JPG,9
CAM03B_06262017_07102017_06270075.JPG,9
CAM03B_06262017_07102017_06270076.JPG,9
CAM03B_06262017_07102017_06270077.JPG,9
CAM03B_06262017_07102017_06270078.JPG,9
CAM03B_06262017_07102017_06270079.JPG,9
CAM03B_06262017_07102017_06270080.JPG,9
CAM03B_06262017_07102017_06270081.JPG,9
CAM03B_06262017_07102017_06270082.JPG,9
CAM03B_06262017_07102017_06270083.JPG,9
CAM03B_06262017_07102017_06270084.JPG,9
CAM03B_06262017_07102017_06270085.JPG,9
CAM03B_06262017_07102017_06270086.JPG,9
CAM03B_06262017_07102017_06270087.JPG,9
CAM03B_06262017_07102017_06270088.JPG,9
CAM03B_06262017_07102017_06270089.JPG,9
CAM03B_06262017_07102017_06270090.JPG,9
CAM03B_06262017_07102017_06270091.JPG,9
CAM03B_06262017_07102017_06270092.JPG,9
CAM03B_06262017_07102017_06270093.JPG,9
CAM03B_06262017_07102017_06270100.JPG,9
CAM03B_06262017_07102017_06270101.JPG,9
CAM03B_06262017_07102017_06270102.JPG,9
CAM03B_06262017_07102017_06270103.JPG,9
CAM03B_06262017_07102017_06270104.JPG,9
CAM03B_06262017_07102017_06270105.JPG,9
CAM03B_06262017_07102017_06270106.JPG,9
CAM03B_06262017_07102017_06270107.JPG,9
CAM03B_06262017_07102017_06270108.JPG,9
CAM03B_06262017_07102017_06270112.JPG,9
CAM03B_06262017_07102017_06270113.JPG,9
CAM03B_06262017_07102017_06270114.JPG,9
CAM03B_06262017_07102017_06270115.JPG,9
CAM03B_06262017_07102017_06270116.JPG,9
CAM03B_06262017_07102017_06270117.JPG,9
CAM03B_06262017_07102017_06280127.JPG,9
CAM03B_06262017_07102017_06280128.JPG,9
CAM03B_06262017_07102017_06280129.JPG,9
CAM03B_06262017_07102017_06280130.JPG,9
CAM03B_06262017_07102017_06280131.JPG,9
CAM03B_06262017_07102017_06280132.JPG,9
CAM03B_06262017_07102017_06280136.JPG,9
CAM03B_06262017_07102017_06280137.JPG,9
CAM03B_06262017_07102017_06280138.JPG,9
CAM03B_06262017_07102017_06280139.JPG,9
CAM03B_06262017_07102017_06280140.JPG,9
CAM03B_06262017_07102017_06280141.JPG,9
CAM03B_06262017_07102017_06280142.JPG,9
CAM03B_06262017_07102017_06280143.JPG,9
CAM03B_06262017_07102017_06280144.JPG,9
CAM03B_06262017_07102017_06280145.JPG,9
CAM03B_06262017_07102017_06280146.JPG,9
CAM03B_06262017_07102017_06280147.JPG,9
CAM03B_06262017_07102017_06280151.JPG,20
CAM03B_06262017_07102017_06280152.JPG,20
CAM03B_06262017_07102017_06280153.JPG,20
CAM03B_06262017_07102017_06280154.JPG,20
CAM03B_06262017_07102017_06280155.JPG,20
CAM03B_06262017_07102017_06280156.JPG,20
CAM03B_06262017_07102017_06280157.JPG,20
CAM03B_06262017_07102017_06280158.JPG,20
CAM03B_06262017_07102017_06280159.JPG,20
CAM03B_06262017_07102017_06280160.JPG,22
CAM03B_06262017_07102017_06280161.JPG,22
CAM03B_06262017_07102017_06280162.JPG,22
CAM03B_06262017_07102017_06280166.JPG,9
CAM03B_06262017_07102017_06280167.JPG,9
CAM03B_06262017_07102017_06280168.JPG,9
CAM03B_06262017_07102017_06280169.JPG,22
CAM03B_06262017_07102017_06280170.JPG,22
CAM03B_06262017_07102017_06280171.JPG,22
CAM03B_06262017_07102017_06280172.JPG,22
CAM03B_06262017_07102017_06280173.JPG,22
CAM03B_06262017_07102017_06280174.JPG,22
CAM03B_06262017_07102017_06290184.JPG,9
CAM03B_06262017_07102017_06290185.JPG,9
CAM03B_06262017_07102017_06290186.JPG,9
CAM03B_06262017_07102017_06290211.JPG,22
CAM03B_06262017_07102017_06290212.JPG,22
CAM03B_06262017_07102017_06290213.JPG,22
CAM03B_06262017_07102017_06290214.JPG,22
CAM03B_06262017_07102017_06290215.JPG,22
CAM03B_06262017_07102017_06290216.JPG,22
CAM03B_06262017_07102017_06290217.JPG,20
CAM03B_06262017_07102017_06290218.JPG,20
CAM03B_06262017_07102017_06290219.JPG,20
CAM03B_06262017_07102017_06290220.JPG,20
CAM03B_06262017_07102017_06290221.JPG,20
CAM03B_06262017_07102017_06290222.JPG,20
CAM03B_06262017_07102017_06290223.JPG,20
CAM03B_06262017_07102017_06290224.JPG,20
CAM03B_06262017_07102017_06290225.JPG,20
CAM03B_06262017_07102017_06290226.JPG,20
CAM03B_06262017_07102017_06290227.JPG,20
CAM03B_06262017_07102017_06290228.JPG,20
CAM03B_06262017_07102017_06290229.JPG,20
CAM03B_06262017_07102017_06290230.JPG,20
CAM03B_06262017_07102017_06290231.JPG,20
CAM03B_06262017_07102017_06290238.JPG,20
CAM03B_06262017_07102017_06290239.JPG,20
CAM03B_06262017_07102017_06290240.JPG,20
CAM03B_06262017_07102017_06300265.JPG,9
CAM03B_06262017_07102017_06300266.JPG,9
CAM03B_06262017_07102017_06300267.JPG,9
CAM03B_06262017_07102017_06300268.JPG,9
CAM03B_06262017_07102017_06300269.JPG,9
CAM03B_06262017_07102017_06300270.JPG,9
CAM03B_06262017_07102017_06300271.JPG,9
CAM03B_06262017_07102017_06300272.JPG,9
CAM03B_06262017_07102017_06300273.JPG,9
CAM03B_06262017_07102017_06300278.JPG,9
CAM03B_06262017_07102017_06300279.JPG,9
CAM03B_06262017_07102017_06300289.JPG,22
CAM03B_06262017_07102017_06300290.JPG,22
CAM03B_06262017_07102017_06300291.JPG,22
CAM03B_06262017_07102017_06300292.JPG,22
CAM03B_06262017_07102017_06300293.JPG,22
CAM03B_06262017_07102017_06300294.JPG,22
CAM03B_06262017_07102017_06300301.JPG,20
CAM03B_06262017_07102017_06300302.JPG,20
CAM03B_06262017_07102017_06300303.JPG,20
CAM03B_06262017_07102017_06300304.JPG,20
CAM03B_06262017_07102017_06300305.JPG,20
CAM03B_06262017_07102017_06300306.JPG,20
CAM03B_06262017_07102017_06300310.JPG,24
CAM03B_06262017_07102017_06300311.JPG,24
CAM03B_06262017_07102017_06300312.JPG,24
CAM03B_06262017_07102017_06300313.JPG,24
CAM03B_06262017_07102017_06300314.JPG,24
CAM03B_06262017_07102017_06300315.JPG,24
CAM03B_06262017_07102017_07010379.JPG,20
CAM03B_06262017_07102017_07010380.JPG,20
CAM03B_06262017_07102017_07010381.JPG,20
CAM03B_06262017_07102017_07010439.JPG,20
CAM03B_06262017_07102017_07010440.JPG,20
CAM03B_06262017_07102017_07010441.JPG,20
CAM03B_06262017_07102017_07020502.JPG,22
CAM03B_06262017_07102017_07020503.JPG,22
CAM03B_06262017_07102017_07020504.JPG,22
CAM03B_06262017_07102017_07020505.JPG,22
CAM03B_06262017_07102017_07020506.JPG,22
CAM03B_06262017_07102017_07020507.JPG,22
CAM03B_06262017_07102017_07020508.JPG,22
CAM03B_06262017_07102017_07020509.JPG,22
CAM03B_06262017_07102017_07020510.JPG,22
CAM03B_06262017_07102017_07020511.JPG,22
CAM03B_06262017_07102017_07020512.JPG,22
CAM03B_06262017_07102017_07020513.JPG,22
CAM03B_06262017_07102017_07020514.JPG,22
CAM03B_06262017_07102017_07020515.JPG,22
CAM03B_06262017_07102017_07020516.JPG,22
CAM03B_06262017_07102017_07020517.JPG,22
CAM03B_06262017_07102017_07020518.JPG,22
CAM03B_06262017_07102017_07020519.JPG,22
CAM03B_06262017_07102017_07020565.JPG,17
CAM03B_06262017_07102017_07020566.JPG,17
CAM03B_06262017_07102017_07020567.JPG,17
CAM03B_06262017_07102017_07020568.JPG,17
CAM03B_06262017_07102017_07020569.JPG,17
CAM03B_06262017_07102017_07020570.JPG,17
CAM03B_06262017_07102017_07020571.JPG,17
CAM03B_06262017_07102017_07020572.JPG,17
CAM03B_06262017_07102017_07020573.JPG,17
CAM03B_06262017_07102017_07020574.JPG,17
CAM03B_06262017_07102017_07020575.JPG,17
CAM03B_06262017_07102017_07020576.JPG,17
CAM03B_06262017_07102017_07030646.JPG,20
CAM03B_06262017_07102017_07030647.JPG,20
CAM03B_06262017_07102017_07030648.JPG,20
CAM03B_06262017_07102017_07030649.JPG,20
CAM03B_06262017_07102017_07030650.JPG,20
CAM03B_06262017_07102017_07030651.JPG,20
CAM03B_06262017_07102017_07030691.JPG,24
CAM03B_06262017_07102017_07030692.JPG,24
CAM03B_06262017_07102017_07030693.JPG,24
CAM03B_06262017_07102017_07030694.JPG,9
CAM03B_06262017_07102017_07030695.JPG,9
CAM03B_06262017_07102017_07030696.JPG,9
CAM03B_06262017_07102017_07030697.JPG,9
CAM03B_06262017_07102017_07030698.JPG,9
CAM03B_06262017_07102017_07030699.JPG,9
CAM03B_06262017_07102017_07030700.JPG,9
CAM03B_06262017_07102017_07030701.JPG,9
CAM03B_06262017_07102017_07030702.JPG,9
CAM03B_06262017_07102017_07040709.JPG,22
CAM03B_06262017_07102017_07040710.JPG,22
CAM03B_06262017_07102017_07040711.JPG,22
CAM03B_06262017_07102017_07040718.JPG,22
CAM03B_06262017_07102017_07040719.JPG,22
CAM03B_06262017_07102017_07040720.JPG,22
CAM03B_06262017_07102017_07040741.JPG,22
CAM03B_06262017_07102017_07040754.JPG,9
CAM03B_06262017_07102017_07040755.JPG,9
CAM03B_06262017_07102017_07040756.JPG,9
CAM03B_06262017_07102017_07040757.JPG,9
CAM03B_06262017_07102017_07040758.JPG,9
CAM03B_06262017_07102017_07040759.JPG,9
CAM03B_06262017_07102017_07050766.JPG,22
CAM03B_06262017_07102017_07050767.JPG,22
CAM03B_06262017_07102017_07050768.JPG,22
CAM03B_06262017_07102017_07050769.JPG,22
CAM03B_06262017_07102017_07050770.JPG,22
CAM03B_06262017_07102017_07050771.JPG,22
CAM03B_06262017_07102017_07050772.JPG,22
CAM03B_06262017_07102017_07050773.JPG,22
CAM03B_06262017_07102017_07050774.JPG,22
CAM03B_06262017_07102017_07050784.JPG,9
CAM03B_06262017_07102017_07050785.JPG,9
CAM03B_06262017_07102017_07050786.JPG,9
CAM03B_06262017_07102017_07050787.JPG,9
CAM03B_06262017_07102017_07050788.JPG,9
CAM03B_06262017_07102017_07050789.JPG,9
CAM03B_06262017_07102017_07050814.JPG,20
CAM03B_06262017_07102017_07050815.JPG,20
CAM03B_06262017_07102017_07050816.JPG,20
CAM03B_06262017_07102017_07050817.JPG,20
CAM03B_06262017_07102017_07050818.JPG,20
CAM03B_06262017_07102017_07050819.JPG,20
CAM03B_06262017_07102017_07050820.JPG,9
CAM03B_06262017_07102017_07050821.JPG,9
CAM03B_06262017_07102017_07050822.JPG,9
CAM03B_06262017_07102017_07050823.JPG,2
CAM03B_06262017_07102017_07050824.JPG,2
CAM03B_06262017_07102017_07050825.JPG,2
CAM03B_06262017_07102017_07050826.JPG,20
CAM03B_06262017_07102017_07050827.JPG,20
CAM03B_06262017_07102017_07050828.JPG,20
CAM03B_06262017_07102017_07050829.JPG,20
CAM03B_06262017_07102017_07050830.JPG,20
CAM03B_06262017_07102017_07050831.JPG,20
CAM03B_06262017_07102017_07050832.JPG,20
CAM03B_06262017_07102017_07050833.JPG,20
CAM03B_06262017_07102017_07050834.JPG,20
CAM03B_06262017_07102017_07050835.JPG,20
CAM03B_06262017_07102017_07050836.JPG,20
CAM03B_06262017_07102017_07050837.JPG,20
CAM03B_06262017_07102017_07050838.JPG,20
CAM03B_06262017_07102017_07050839.JPG,20
CAM03B_06262017_07102017_07050840.JPG,20
CAM03B_06262017_07102017_07050841.JPG,20
CAM03B_06262017_07102017_07050842.JPG,20
CAM03B_06262017_07102017_07050843.JPG,20
CAM03B_06262017_07102017_07050844.JPG,20
CAM03B_06262017_07102017_07050845.JPG,20
CAM03B_06262017_07102017_07050846.JPG,20
CAM03B_06262017_07102017_07050847.JPG,20
CAM03B_06262017_07102017_07050848.JPG,20
CAM03B_06262017_07102017_07050849.JPG,20
CAM03B_06262017_07102017_07050850.JPG,20
CAM03B_06262017_07102017_07050851.JPG,20
CAM03B_06262017_07102017_07050852.JPG,20
CAM03B_06262017_07102017_07050853.JPG,20
CAM03B_06262017_07102017_07050854.JPG,20
CAM03B_06262017_07102017_07050855.JPG,20
CAM03B_06262017_07102017_07050856.JPG,20
CAM03B_06262017_07102017_07050857.JPG,20
CAM03B_06262017_07102017_07050858.JPG,20
CAM03B_06262017_07102017_07050859.JPG,20
CAM03B_06262017_07102017_07050860.JPG,20
CAM03B_06262017_07102017_07050861.JPG,20
CAM03B_06262017_07102017_07050862.JPG,20
CAM03B_06262017_07102017_07050863.JPG,20
CAM03B_06262017_07102017_07050864.JPG,20
CAM03B_06262017_07102017_07050865.JPG,20
CAM03B_06262017_07102017_07050866.JPG,20
CAM03B_06262017_07102017_07050867.JPG,20
CAM03B_06262017_07102017_07050868.JPG,20
CAM03B_06262017_07102017_07050869.JPG,20
CAM03B_06262017_07102017_07050870.JPG,20
CAM03B_06262017_07102017_07050871.JPG,20
CAM03B_06262017_07102017_07050872.JPG,20
CAM03B_06262017_07102017_07050873.JPG,20
CAM03B_06262017_07102017_07050874.JPG,20
CAM03B_06262017_07102017_07050875.JPG,20
CAM03B_06262017_07102017_07050876.JPG,20
CAM03B_06262017_07102017_07050877.JPG,20
CAM03B_06262017_07102017_07050878.JPG,20
CAM03B_06262017_07102017_07050879.JPG,20
CAM03B_06262017_07102017_07050880.JPG,20
CAM03B_06262017_07102017_07050881.JPG,20
CAM03B_06262017_07102017_07050882.JPG,20
CAM03B_06262017_07102017_07050883.JPG,20
CAM03B_06262017_07102017_07050884.JPG,20
CAM03B_06262017_07102017_07050885.JPG,20
CAM03B_06262017_07102017_07050886.JPG,20
CAM03B_06262017_07102017_07050887.JPG,20
CAM03B_06262017_07102017_07050888.JPG,20
CAM03B_06262017_07102017_07050889.JPG,20
CAM03B_06262017_07102017_07050890.JPG,20
CAM03B_06262017_07102017_07050891.JPG,20
CAM03B_06262017_07102017_07050892.JPG,20
CAM03B_06262017_07102017_07050893.JPG,20
CAM03B_06262017_07102017_07050894.JPG,20
CAM03B_06262017_07102017_07050895.JPG,20
CAM03B_06262017_07102017_07050896.JPG,20
CAM03B_06262017_07102017_07050897.JPG,20
CAM03B_06262017_07102017_07050898.JPG,20
CAM03B_06262017_07102017_07050899.JPG,20
CAM03B_06262017_07102017_07050900.JPG,20
CAM03B_06262017_07102017_07050901.JPG,20
CAM03B_06262017_07102017_07050902.JPG,20
CAM03B_06262017_07102017_07050903.JPG,20
CAM03B_06262017_07102017_07050904.JPG,20
CAM03B_06262017_07102017_07050905.JPG,20
CAM03B_06262017_07102017_07050906.JPG,20
CAM03B_06262017_07102017_07050910.JPG,20
CAM03B_06262017_07102017_07050911.JPG,20
CAM03B_06262017_07102017_07050912.JPG,20
CAM03B_06262017_07102017_07050915.JPG,20
CAM03B_06262017_07102017_07050916.JPG,20
CAM03B_06262017_07102017_07050917.JPG,20
CAM03B_06262017_07102017_07050918.JPG,20
CAM03B_06262017_07102017_07050922.JPG,20
CAM03B_06262017_07102017_07050923.JPG,20
CAM03B_06262017_07102017_07050924.JPG,20
CAM03B_06262017_07102017_07050925.JPG,20
CAM03B_06262017_07102017_07050926.JPG,20
CAM03B_06262017_07102017_07050927.JPG,20
CAM03B_06262017_07102017_07050928.JPG,20
CAM03B_06262017_07102017_07050929.JPG,20
CAM03B_06262017_07102017_07050930.JPG,20
CAM03B_06262017_07102017_07050931.JPG,20
CAM03B_06262017_07102017_07050932.JPG,20
CAM03B_06262017_07102017_07050933.JPG,20
CAM03B_06262017_07102017_07050937.JPG,20
CAM03B_06262017_07102017_07050938.JPG,20
CAM03B_06262017_07102017_07050939.JPG,20
CAM03B_06262017_07102017_07050940.JPG,20
CAM03B_06262017_07102017_07050941.JPG,20
CAM03B_06262017_07102017_07050942.JPG,20
CAM03B_06262017_07102017_07060004.JPG,24
CAM03B_06262017_07102017_07060005.JPG,24
CAM03B_06262017_07102017_07060006.JPG,24
CAM03B_06262017_07102017_07060007.JPG,24
CAM03B_06262017_07102017_07060008.JPG,24
CAM03B_06262017_07102017_07060009.JPG,24
CAM03B_06262017_07102017_07060010.JPG,24
CAM03B_06262017_07102017_07060011.JPG,24
CAM03B_06262017_07102017_07060012.JPG,24
CAM03B_06262017_07102017_07060013.JPG,24
CAM03B_06262017_07102017_07060014.JPG,24
CAM03B_06262017_07102017_07060015.JPG,24
CAM03B_06262017_07102017_07060016.JPG,24
CAM03B_06262017_07102017_07060017.JPG,24
CAM03B_06262017_07102017_07060018.JPG,24
CAM03B_06262017_07102017_07060019.JPG,24
CAM03B_06262017_07102017_07060020.JPG,24
CAM03B_06262017_07102017_07060021.JPG,24
CAM03B_06262017_07102017_07060022.JPG,24
CAM03B_06262017_07102017_07060023.JPG,24
CAM03B_06262017_07102017_07060024.JPG,24
CAM03B_06262017_07102017_07060958.JPG,19
CAM03B_06262017_07102017_07060959.JPG,19
CAM03B_06262017_07102017_07060960.JPG,19
CAM03B_06262017_07102017_07060967.JPG,19
CAM03B_06262017_07102017_07060968.JPG,19
CAM03B_06262017_07102017_07060969.JPG,19
CAM03B_06262017_07102017_07060973.JPG,24
CAM03B_06262017_07102017_07060974.JPG,24
CAM03B_06262017_07102017_07060975.JPG,24
CAM03B_06262017_07102017_07060976.JPG,24
CAM03B_06262017_07102017_07060977.JPG,24
CAM03B_06262017_07102017_07060978.JPG,24
CAM03B_06262017_07102017_07060979.JPG,24
CAM03B_06262017_07102017_07060980.JPG,24
CAM03B_06262017_07102017_07060981.JPG,24
CAM03B_06262017_07102017_07060982.JPG,24
CAM03B_06262017_07102017_07060983.JPG,24
CAM03B_06262017_07102017_07060984.JPG,24
CAM03B_06262017_07102017_07060985.JPG,24
CAM03B_06262017_07102017_07060986.JPG,24
CAM03B_06262017_07102017_07060987.JPG,24
CAM03B_06262017_07102017_07060988.JPG,24
CAM03B_06262017_07102017_07060989.JPG,24
CAM03B_06262017_07102017_07060990.JPG,24
CAM03B_06262017_07102017_07060994.JPG,24
CAM03B_06262017_07102017_07060995.JPG,24
CAM03B_06262017_07102017_07060996.JPG,24
CAM03B_06262017_07102017_07070058.JPG,9
CAM03B_06262017_07102017_07070059.JPG,9
CAM03B_06262017_07102017_07070060.JPG,9
CAM03B_06262017_07102017_07070064.JPG,24
CAM03B_06262017_07102017_07070065.JPG,24
CAM03B_06262017_07102017_07070066.JPG,24
CAM03B_06262017_07102017_07070073.JPG,24
CAM03B_06262017_07102017_07070074.JPG,24
CAM03B_06262017_07102017_07070075.JPG,24
CAM03B_06262017_07102017_07070076.JPG,24
CAM03B_06262017_07102017_07070077.JPG,24
CAM03B_06262017_07102017_07070078.JPG,24
CAM03B_06262017_07102017_07070079.JPG,5
CAM03B_06262017_07102017_07070080.JPG,5
CAM03B_06262017_07102017_07070081.JPG,5
CAM03B_06262017_07102017_07070082.JPG,24
CAM03B_06262017_07102017_07070083.JPG,24
CAM03B_06262017_07102017_07070084.JPG,24
CAM03B_06262017_07102017_07070124.JPG,24
CAM03B_06262017_07102017_07070125.JPG,24
CAM03B_06262017_07102017_07070126.JPG,24
CAM03B_06262017_07102017_07070127.JPG,24
CAM03B_06262017_07102017_07070128.JPG,24
CAM03B_06262017_07102017_07070129.JPG,24
CAM03B_06262017_07102017_07070130.JPG,24
CAM03B_06262017_07102017_07070131.JPG,24
CAM03B_06262017_07102017_07070132.JPG,24
CAM03B_06262017_07102017_07070133.JPG,24
CAM03B_06262017_07102017_07070134.JPG,24
CAM03B_06262017_07102017_07070135.JPG,24
CAM03B_06262017_07102017_07070136.JPG,24
CAM03B_06262017_07102017_07070137.JPG,24
CAM03B_06262017_07102017_07070138.JPG,24
CAM03B_06262017_07102017_07070142.JPG,24
CAM03B_06262017_07102017_07070143.JPG,24
CAM03B_06262017_07102017_07070144.JPG,24
CAM03B_06262017_07102017_07070163.JPG,24
CAM03B_06262017_07102017_07070164.JPG,24
CAM03B_06262017_07102017_07070165.JPG,24
CAM03B_06262017_07102017_07070175.JPG,24
CAM03B_06262017_07102017_07070176.JPG,24
CAM03B_06262017_07102017_07070177.JPG,24
CAM03B_06262017_07102017_07070178.JPG,24
CAM03B_06262017_07102017_07070179.JPG,24
CAM03B_06262017_07102017_07070180.JPG,24
CAM03B_06262017_07102017_07070187.JPG,24
CAM03B_06262017_07102017_07070188.JPG,24
CAM03B_06262017_07102017_07070189.JPG,24
CAM03B_06262017_07102017_07070190.JPG,24
CAM03B_06262017_07102017_07070191.JPG,24
CAM03B_06262017_07102017_07070192.JPG,24
CAM03B_06262017_07102017_07080208.JPG,19
CAM03B_06262017_07102017_07080209.JPG,19
CAM03B_06262017_07102017_07080210.JPG,19
CAM03B_06262017_07102017_07080214.JPG,28
CAM03B_06262017_07102017_07080215.JPG,28
CAM03B_06262017_07102017_07080216.JPG,28
CAM03B_06262017_07102017_07080220.JPG,24
CAM03B_06262017_07102017_07080221.JPG,24
CAM03B_06262017_07102017_07080222.JPG,24
CAM03B_06262017_07102017_07080223.JPG,24
CAM03B_06262017_07102017_07080224.JPG,24
CAM03B_06262017_07102017_07080225.JPG,24
CAM03B_06262017_07102017_07080232.JPG,24
CAM03B_06262017_07102017_07080233.JPG,24
CAM03B_06262017_07102017_07080234.JPG,24
CAM03B_06262017_07102017_07080235.JPG,24
CAM03B_06262017_07102017_07080236.JPG,24
CAM03B_06262017_07102017_07080237.JPG,24
CAM03B_06262017_07102017_07080238.JPG,24
CAM03B_06262017_07102017_07080239.JPG,24
CAM03B_06262017_07102017_07080240.JPG,24
CAM03B_06262017_07102017_07080241.JPG,24
CAM03B_06262017_07102017_07080242.JPG,24
CAM03B_06262017_07102017_07080243.JPG,24
CAM03B_06262017_07102017_07080244.JPG,24
CAM03B_06262017_07102017_07080245.JPG,24
CAM03B_06262017_07102017_07080246.JPG,24
CAM03B_06262017_07102017_07080247.JPG,24
CAM03B_06262017_07102017_07080248.JPG,24
CAM03B_06262017_07102017_07080249.JPG,24
CAM03B_06262017_07102017_07080250.JPG,24
CAM03B_06262017_07102017_07080251.JPG,24
CAM03B_06262017_07102017_07080252.JPG,24
CAM03B_06262017_07102017_07080253.JPG,24
CAM03B_06262017_07102017_07080254.JPG,24
CAM03B_06262017_07102017_07080255.JPG,24
CAM03B_06262017_07102017_07080256.JPG,24
CAM03B_06262017_07102017_07080257.JPG,24
CAM03B_06262017_07102017_07080258.JPG,24
CAM03B_06262017_07102017_07080259.JPG,24
CAM03B_06262017_07102017_07080260.JPG,24
CAM03B_06262017_07102017_07080261.JPG,24
CAM03B_06262017_07102017_07080262.JPG,24
CAM03B_06262017_07102017_07080263.JPG,24
CAM03B_06262017_07102017_07080264.JPG,24
CAM03B_06262017_07102017_07080265.JPG,24
CAM03B_06262017_07102017_07080266.JPG,24
CAM03B_06262017_07102017_07080267.JPG,24
CAM03B_06262017_07102017_07080271.JPG,24
CAM03B_06262017_07102017_07080272.JPG,24
CAM03B_06262017_07102017_07080273.JPG,24
CAM03B_06262017_07102017_07080274.JPG,24
CAM03B_06262017_07102017_07080275.JPG,24
CAM03B_06262017_07102017_07080276.JPG,24
CAM03B_06262017_07102017_07080277.JPG,24
CAM03B_06262017_07102017_07080278.JPG,24
CAM03B_06262017_07102017_07080279.JPG,24
CAM03B_06262017_07102017_07080280.JPG,24
CAM03B_06262017_07102017_07080281.JPG,24
CAM03B_06262017_07102017_07080282.JPG,24
CAM03B_06262017_07102017_07080289.JPG,24
CAM03B_06262017_07102017_07080290.JPG,24
CAM03B_06262017_07102017_07080291.JPG,24
CAM03B_06262017_07102017_07090295.JPG,19
CAM03B_06262017_07102017_07090296.JPG,19
CAM03B_06262017_07102017_07090297.JPG,19
CAM03B_06262017_07102017_07090298.JPG,19
CAM03B_06262017_07102017_07090299.JPG,19
CAM03B_06262017_07102017_07090300.JPG,19
CAM03B_06262017_07102017_07090319.JPG,24
CAM03B_06262017_07102017_07090320.JPG,24
CAM03B_06262017_07102017_07090321.JPG,24
CAM03B_06262017_07102017_07090328.JPG,24
CAM03B_06262017_07102017_07090329.JPG,24
CAM03B_06262017_07102017_07090330.JPG,24
CAM03B_06262017_07102017_07090334.JPG,24
CAM03B_06262017_07102017_07090335.JPG,24
CAM03B_06262017_07102017_07090336.JPG,24
CAM03B_06262017_07102017_07090337.JPG,24
CAM03B_06262017_07102017_07090338.JPG,24
CAM03B_06262017_07102017_07090339.JPG,24
CAM03B_06262017_07102017_07090340.JPG,24
CAM03B_06262017_07102017_07090341.JPG,24
CAM03B_06262017_07102017_07090342.JPG,24
CAM03B_06262017_07102017_07090343.JPG,24
CAM03B_06262017_07102017_07090344.JPG,24
CAM03B_06262017_07102017_07090345.JPG,24
CAM03B_06262017_07102017_07090346.JPG,24
CAM03B_06262017_07102017_07090347.JPG,24
CAM03B_06262017_07102017_07090348.JPG,24
CAM03B_06262017_07102017_07090355.JPG,24
CAM03B_06262017_07102017_07090356.JPG,24
CAM03B_06262017_07102017_07090357.JPG,24
CAM03B_06262017_07102017_07090361.JPG,24
CAM03B_06262017_07102017_07090362.JPG,24
CAM03B_06262017_07102017_07090363.JPG,24
CAM03B_06262017_07102017_07090367.JPG,28
CAM03B_06262017_07102017_07090368.JPG,28
CAM03B_06262017_07102017_07090369.JPG,28
CAM03B_06262017_07102017_07090370.JPG,28
CAM03B_06262017_07102017_07090371.JPG,28
CAM03B_06262017_07102017_07090372.JPG,28
CAM03B_06262017_07102017_07090373.JPG,24
CAM03B_06262017_07102017_07090374.JPG,24
CAM03B_06262017_07102017_07090375.JPG,24
CAM03B_06262017_07102017_07090376.JPG,20
CAM03B_06262017_07102017_07090377.JPG,20
CAM03B_06262017_07102017_07090378.JPG,20
CAM03B_06262017_07102017_07090379.JPG,20
CAM03B_06262017_07102017_07090380.JPG,20
CAM03B_06262017_07102017_07090381.JPG,20
CAM03B_06262017_07102017_07090382.JPG,20
CAM03B_06262017_07102017_07090383.JPG,20
CAM03B_06262017_07102017_07090384.JPG,20
CAM03B_06262017_07102017_07090385.JPG,20
CAM03B_06262017_07102017_07090386.JPG,20
CAM03B_06262017_07102017_07090387.JPG,20
CAM03B_06262017_07102017_07090388.JPG,20
CAM03B_06262017_07102017_07090389.JPG,20
CAM03B_06262017_07102017_07090390.JPG,20
CAM03B_06262017_07102017_07090391.JPG,20
CAM03B_06262017_07102017_07090392.JPG,20
CAM03B_06262017_07102017_07090393.JPG,20
CAM03B_06262017_07102017_07090394.JPG,20
CAM03B_06262017_07102017_07090395.JPG,20
CAM03B_06262017_07102017_07090396.JPG,20
CAM03B_06262017_07102017_07090400.JPG,20
CAM03B_06262017_07102017_07090401.JPG,20
CAM03B_06262017_07102017_07090402.JPG,20
CAM03B_06262017_07102017_07090403.JPG,20
CAM03B_06262017_07102017_07090404.JPG,20
CAM03B_06262017_07102017_07090405.JPG,20
CAM03B_06262017_07102017_07090406.JPG,20
CAM03B_06262017_07102017_07090407.JPG,20
CAM03B_06262017_07102017_07090408.JPG,20
CAM03B_06262017_07102017_07090412.JPG,20
CAM03B_06262017_07102017_07090413.JPG,20
CAM03B_06262017_07102017_07090414.JPG,20
CAM03B_06262017_07102017_07090427.JPG,22
CAM03B_06262017_07102017_07090428.JPG,22
CAM03B_06262017_07102017_07090429.JPG,22
CAM03B_06262017_07102017_07090430.JPG,22
CAM03B_06262017_07102017_07090431.JPG,22
CAM03B_06262017_07102017_07090432.JPG,22
CAM03B_06262017_07102017_07090433.JPG,22
CAM03B_06262017_07102017_07090434.JPG,22
CAM03B_06262017_07102017_07090435.JPG,22
CAM03B_06262017_07102017_07100451.JPG,19
CAM03B_06262017_07102017_07100452.JPG,19
CAM03B_06262017_07102017_07100453.JPG,19
CAM03B_06262017_07102017_07100457.JPG,24
CAM03B_06262017_07102017_07100458.JPG,24
CAM03B_06262017_07102017_07100459.JPG,24
CAM03B_06262017_07102017_07100460.JPG,24
CAM03B_06262017_07102017_07100461.JPG,24
CAM03B_06262017_07102017_07100462.JPG,24
CAM03B_06262017_07102017_07100520.JPG,13
CAM03B_06262017_07102017_07100521.JPG,13
CAM03B_06262017_07102017_07100522.JPG,13
CAM03B_07102017_08012017_07100034.JPG,2
CAM03B_07102017_08012017_07100037.JPG,24
CAM03B_07102017_08012017_07100038.JPG,24
CAM03B_07102017_08012017_07100039.JPG,24
CAM03B_07102017_08012017_07100040.JPG,19
CAM03B_07102017_08012017_07100041.JPG,19
CAM03B_07102017_08012017_07100042.JPG,19
CAM03B_07102017_08012017_07100046.JPG,19
CAM03B_07102017_08012017_07100047.JPG,19
CAM03B_07102017_08012017_07100048.JPG,19
CAM03B_07102017_08012017_07110049.JPG,24
CAM03B_07102017_08012017_07110050.JPG,24
CAM03B_07102017_08012017_07110051.JPG,24
CAM03B_07102017_08012017_07110052.JPG,24
CAM03B_07102017_08012017_07110053.JPG,24
CAM03B_07102017_08012017_07110054.JPG,24
CAM03B_07102017_08012017_07110055.JPG,24
CAM03B_07102017_08012017_07110056.JPG,24
CAM03B_07102017_08012017_07110057.JPG,24
CAM03B_07102017_08012017_07110058.JPG,24
CAM03B_07102017_08012017_07110059.JPG,24
CAM03B_07102017_08012017_07110060.JPG,24
CAM03B_07102017_08012017_07110061.JPG,24
CAM03B_07102017_08012017_07110062.JPG,24
CAM03B_07102017_08012017_07110063.JPG,24
CAM03B_07102017_08012017_07110064.JPG,24
CAM03B_07102017_08012017_07110065.JPG,24
CAM03B_07102017_08012017_07110066.JPG,24
CAM03B_07102017_08012017_07110067.JPG,9
CAM03B_07102017_08012017_07110068.JPG,9
CAM03B_07102017_08012017_07110069.JPG,9
CAM03B_07102017_08012017_07110070.JPG,9
CAM03B_07102017_08012017_07110071.JPG,9
CAM03B_07102017_08012017_07110072.JPG,9
CAM03B_07102017_08012017_07110073.JPG,9
CAM03B_07102017_08012017_07110074.JPG,9
CAM03B_07102017_08012017_07110075.JPG,9
CAM03B_07102017_08012017_07110076.JPG,9
CAM03B_07102017_08012017_07110077.JPG,9
CAM03B_07102017_08012017_07110078.JPG,9
CAM03B_07102017_08012017_07110079.JPG,9
CAM03B_07102017_08012017_07110080.JPG,9
CAM03B_07102017_08012017_07110082.JPG,2
CAM03B_07102017_08012017_07120091.JPG,13
CAM03B_07102017_08012017_07120092.JPG,13
CAM03B_07102017_08012017_07120093.JPG,13
CAM03B_07102017_08012017_07120100.JPG,19
CAM03B_07102017_08012017_07120101.JPG,19
CAM03B_07102017_08012017_07120102.JPG,19
CAM03B_07102017_08012017_07130106.JPG,2
CAM03B_07102017_08012017_07130111.JPG,2
CAM03B_07102017_08012017_07130115.JPG,2
CAM03B_07102017_08012017_07130124.JPG,24
CAM03B_07102017_08012017_07130125.JPG,24
CAM03B_07102017_08012017_07130126.JPG,24
CAM03B_07102017_08012017_07130133.JPG,9
CAM03B_07102017_08012017_07130134.JPG,9
CAM03B_07102017_08012017_07130135.JPG,9
CAM03B_07102017_08012017_07130136.JPG,9
CAM03B_07102017_08012017_07130137.JPG,9
CAM03B_07102017_08012017_07130138.JPG,9
CAM03B_07102017_08012017_07140145.JPG,9
CAM03B_07102017_08012017_07140146.JPG,9
CAM03B_07102017_08012017_07140147.JPG,9
CAM03B_07102017_08012017_07140152.JPG,8
CAM03B_07102017_08012017_07140153.JPG,8
CAM03B_07102017_08012017_07140154.JPG,8
CAM03B_07102017_08012017_07140155.JPG,8
CAM03B_07102017_08012017_07140156.JPG,8
CAM03B_07102017_08012017_07140157.JPG,8
CAM03B_07102017_08012017_07140158.JPG,8
CAM03B_07102017_08012017_07140159.JPG,8
CAM03B_07102017_08012017_07140160.JPG,8
CAM03B_07102017_08012017_07140161.JPG,8
CAM03B_07102017_08012017_07140162.JPG,8
CAM03B_07102017_08012017_07140163.JPG,8
CAM03B_07102017_08012017_07140164.JPG,8
CAM03B_07102017_08012017_07140165.JPG,8
CAM03B_07102017_08012017_07140166.JPG,8
CAM03B_07102017_08012017_07140167.JPG,8
CAM03B_07102017_08012017_07140168.JPG,8
CAM03B_07102017_08012017_07140169.JPG,8
CAM03B_07102017_08012017_07140170.JPG,8
CAM03B_07102017_08012017_07140171.JPG,8
CAM03B_07102017_08012017_07140172.JPG,8
CAM03B_07102017_08012017_07140173.JPG,8
CAM03B_07102017_08012017_07140174.JPG,8
CAM03B_07102017_08012017_07140175.JPG,8
CAM03B_07102017_08012017_07140176.JPG,8
CAM03B_07102017_08012017_07140177.JPG,8
CAM03B_07102017_08012017_07140187.JPG,9
CAM03B_07102017_08012017_07140188.JPG,9
CAM03B_07102017_08012017_07140189.JPG,9
CAM03B_07102017_08012017_07140190.JPG,9
CAM03B_07102017_08012017_07140191.JPG,9
CAM03B_07102017_08012017_07140192.JPG,9
CAM03B_07102017_08012017_07140193.JPG,2
CAM03B_07102017_08012017_07140194.JPG,2
CAM03B_07102017_08012017_07140202.JPG,24
CAM03B_07102017_08012017_07140203.JPG,24
CAM03B_07102017_08012017_07140204.JPG,24
CAM03B_07102017_08012017_07140208.JPG,2
CAM03B_07102017_08012017_07150214.JPG,25
CAM03B_07102017_08012017_07150215.JPG,25
CAM03B_07102017_08012017_07150216.JPG,25
CAM03B_07102017_08012017_07150226.JPG,22
CAM03B_07102017_08012017_07150227.JPG,22
CAM03B_07102017_08012017_07150228.JPG,22
CAM03B_07102017_08012017_07150229.JPG,22
CAM03B_07102017_08012017_07150230.JPG,22
CAM03B_07102017_08012017_07150231.JPG,22
CAM03B_07102017_08012017_07150232.JPG,22
CAM03B_07102017_08012017_07150233.JPG,22
CAM03B_07102017_08012017_07150234.JPG,22
CAM03B_07102017_08012017_07150235.JPG,13
CAM03B_07102017_08012017_07150236.JPG,13
CAM03B_07102017_08012017_07150237.JPG,13
CAM03B_07102017_08012017_07150238.JPG,9
CAM03B_07102017_08012017_07150239.JPG,9
CAM03B_07102017_08012017_07150240.JPG,9
CAM03B_07102017_08012017_07160262.JPG,9
CAM03B_07102017_08012017_07160263.JPG,9
CAM03B_07102017_08012017_07160264.JPG,9
CAM03B_07102017_08012017_07160265.JPG,9
CAM03B_07102017_08012017_07160266.JPG,9
CAM03B_07102017_08012017_07160267.JPG,9
CAM03B_07102017_08012017_07160283.JPG,9
CAM03B_07102017_08012017_07160284.JPG,9
CAM03B_07102017_08012017_07160285.JPG,9
CAM03B_07102017_08012017_07160286.JPG,9
CAM03B_07102017_08012017_07160287.JPG,9
CAM03B_07102017_08012017_07160288.JPG,9
CAM03B_07102017_08012017_07170298.JPG,13
CAM03B_07102017_08012017_07170299.JPG,13
CAM03B_07102017_08012017_07170300.JPG,13
CAM03B_07102017_08012017_07170301.JPG,13
CAM03B_07102017_08012017_07170302.JPG,13
CAM03B_07102017_08012017_07170303.JPG,13
CAM03B_07102017_08012017_07170304.JPG,9
CAM03B_07102017_08012017_07170305.JPG,9
CAM03B_07102017_08012017_07170306.JPG,9
CAM03B_07102017_08012017_07170313.JPG,9
CAM03B_07102017_08012017_07170314.JPG,9
CAM03B_07102017_08012017_07170315.JPG,9
CAM03B_07102017_08012017_07180341.JPG,2
CAM03B_07102017_08012017_07180342.JPG,2
CAM03B_07102017_08012017_07180343.JPG,9
CAM03B_07102017_08012017_07180344.JPG,9
CAM03B_07102017_08012017_07180345.JPG,9
CAM03B_07102017_08012017_07180346.JPG,20
CAM03B_07102017_08012017_07180347.JPG,20
CAM03B_07102017_08012017_07180348.JPG,20
CAM03B_07102017_08012017_07180349.JPG,20
CAM03B_07102017_08012017_07180350.JPG,20
CAM03B_07102017_08012017_07180351.JPG,20
CAM03B_07102017_08012017_07180352.JPG,20
CAM03B_07102017_08012017_07180353.JPG,20
CAM03B_07102017_08012017_07180354.JPG,20
CAM03B_07102017_08012017_07180355.JPG,20
CAM03B_07102017_08012017_07180356.JPG,20
CAM03B_07102017_08012017_07180357.JPG,20
CAM03B_07102017_08012017_07180358.JPG,20
CAM03B_07102017_08012017_07180359.JPG,20
CAM03B_07102017_08012017_07180360.JPG,20
CAM03B_07102017_08012017_07180361.JPG,2
CAM03B_07102017_08012017_07180367.JPG,20
CAM03B_07102017_08012017_07180368.JPG,20
CAM03B_07102017_08012017_07180369.JPG,20
CAM03B_07102017_08012017_07180370.JPG,20
CAM03B_07102017_08012017_07180371.JPG,20
CAM03B_07102017_08012017_07180372.JPG,20
CAM03B_07102017_08012017_07180373.JPG,20
CAM03B_07102017_08012017_07180374.JPG,20
CAM03B_07102017_08012017_07180375.JPG,20
CAM03B_07102017_08012017_07180382.JPG,20
CAM03B_07102017_08012017_07180383.JPG,20
CAM03B_07102017_08012017_07180384.JPG,20
CAM03B_07102017_08012017_07180385.JPG,20
CAM03B_07102017_08012017_07180386.JPG,20
CAM03B_07102017_08012017_07180387.JPG,20
CAM03B_07102017_08012017_07180388.JPG,20
CAM03B_07102017_08012017_07180389.JPG,20
CAM03B_07102017_08012017_07180390.JPG,20
CAM03B_07102017_08012017_07180391.JPG,20
CAM03B_07102017_08012017_07180392.JPG,20
CAM03B_07102017_08012017_07180393.JPG,20
CAM03B_07102017_08012017_07180394.JPG,20
CAM03B_07102017_08012017_07180395.JPG,20
CAM03B_07102017_08012017_07180396.JPG,20
CAM03B_07102017_08012017_07180397.JPG,20
CAM03B_07102017_08012017_07180398.JPG,20
CAM03B_07102017_08012017_07180399.JPG,20
CAM03B_07102017_08012017_07180400.JPG,20
CAM03B_07102017_08012017_07180401.JPG,20
CAM03B_07102017_08012017_07180402.JPG,20
CAM03B_07102017_08012017_07180403.JPG,20
CAM03B_07102017_08012017_07180404.JPG,20
CAM03B_07102017_08012017_07180405.JPG,20
CAM03B_07102017_08012017_07180406.JPG,20
CAM03B_07102017_08012017_07180407.JPG,20
CAM03B_07102017_08012017_07180408.JPG,20
CAM03B_07102017_08012017_07180409.JPG,20
CAM03B_07102017_08012017_07180410.JPG,20
CAM03B_07102017_08012017_07180411.JPG,20
CAM03B_07102017_08012017_07180412.JPG,20
CAM03B_07102017_08012017_07180413.JPG,20
CAM03B_07102017_08012017_07180414.JPG,20
CAM03B_07102017_08012017_07180415.JPG,20
CAM03B_07102017_08012017_07180416.JPG,20
CAM03B_07102017_08012017_07180417.JPG,20
CAM03B_07102017_08012017_07180418.JPG,20
CAM03B_07102017_08012017_07180419.JPG,20
CAM03B_07102017_08012017_07180420.JPG,20
CAM03B_07102017_08012017_07180421.JPG,20
CAM03B_07102017_08012017_07180422.JPG,20
CAM03B_07102017_08012017_07180423.JPG,20
CAM03B_07102017_08012017_07180424.JPG,20
CAM03B_07102017_08012017_07180425.JPG,20
CAM03B_07102017_08012017_07180426.JPG,20
CAM03B_07102017_08012017_07180427.JPG,20
CAM03B_07102017_08012017_07180428.JPG,20
CAM03B_07102017_08012017_07180429.JPG,20
CAM03B_07102017_08012017_07180430.JPG,20
CAM03B_07102017_08012017_07180431.JPG,20
CAM03B_07102017_08012017_07180432.JPG,20
CAM03B_07102017_08012017_07180433.JPG,20
CAM03B_07102017_08012017_07180434.JPG,20
CAM03B_07102017_08012017_07180435.JPG,20
CAM03B_07102017_08012017_07180436.JPG,20
CAM03B_07102017_08012017_07180437.JPG,20
CAM03B_07102017_08012017_07180438.JPG,20
CAM03B_07102017_08012017_07180454.JPG,20
CAM03B_07102017_08012017_07180455.JPG,20
CAM03B_07102017_08012017_07180456.JPG,20
CAM03B_07102017_08012017_07190472.JPG,7
CAM03B_07102017_08012017_07190473.JPG,7
CAM03B_07102017_08012017_07190474.JPG,7
CAM03B_07102017_08012017_07190475.JPG,7
CAM03B_07102017_08012017_07190476.JPG,7
CAM03B_07102017_08012017_07190477.JPG,7
CAM03B_07102017_08012017_07190478.JPG,7
CAM03B_07102017_08012017_07190479.JPG,7
CAM03B_07102017_08012017_07190480.JPG,7
CAM03B_07102017_08012017_07190490.JPG,9
CAM03B_07102017_08012017_07190491.JPG,9
CAM03B_07102017_08012017_07190492.JPG,9
CAM03B_07102017_08012017_07200541.JPG,20
CAM03B_07102017_08012017_07200542.JPG,20
CAM03B_07102017_08012017_07200543.JPG,20
CAM03B_07102017_08012017_07200550.JPG,20
CAM03B_07102017_08012017_07200551.JPG,20
CAM03B_07102017_08012017_07200552.JPG,20
CAM03B_07102017_08012017_07200553.JPG,9
CAM03B_07102017_08012017_07200554.JPG,9
CAM03B_07102017_08012017_07200555.JPG,9
CAM03B_07102017_08012017_07200568.JPG,13
CAM03B_07102017_08012017_07200569.JPG,13
CAM03B_07102017_08012017_07200570.JPG,13
CAM03B_07102017_08012017_07200571.JPG,13
CAM03B_07102017_08012017_07200572.JPG,13
CAM03B_07102017_08012017_07200573.JPG,13
CAM03B_07102017_08012017_07200574.JPG,9
CAM03B_07102017_08012017_07200575.JPG,9
CAM03B_07102017_08012017_07200576.JPG,9
CAM03B_07102017_08012017_07210599.JPG,2
CAM03B_07102017_08012017_07210601.JPG,17
CAM03B_07102017_08012017_07210602.JPG,17
CAM03B_07102017_08012017_07210603.JPG,17
CAM03B_07102017_08012017_07210604.JPG,17
CAM03B_07102017_08012017_07210605.JPG,17
CAM03B_07102017_08012017_07210606.JPG,17
CAM03B_07102017_08012017_07210607.JPG,17
CAM03B_07102017_08012017_07210608.JPG,17
CAM03B_07102017_08012017_07210609.JPG,17
CAM03B_07102017_08012017_07210610.JPG,17
CAM03B_07102017_08012017_07210611.JPG,17
CAM03B_07102017_08012017_07210612.JPG,17
CAM03B_07102017_08012017_07210613.JPG,17
CAM03B_07102017_08012017_07210614.JPG,17
CAM03B_07102017_08012017_07210615.JPG,17
CAM03B_07102017_08012017_07210616.JPG,17
CAM03B_07102017_08012017_07210617.JPG,17
CAM03B_07102017_08012017_07210618.JPG,17
CAM03B_07102017_08012017_07210619.JPG,17
CAM03B_07102017_08012017_07210620.JPG,17
CAM03B_07102017_08012017_07210631.JPG,20
CAM03B_07102017_08012017_07210632.JPG,20
CAM03B_07102017_08012017_07210633.JPG,20
CAM03B_07102017_08012017_07210634.JPG,20
CAM03B_07102017_08012017_07210635.JPG,20
CAM03B_07102017_08012017_07210636.JPG,20
CAM03B_07102017_08012017_07210637.JPG,20
CAM03B_07102017_08012017_07210638.JPG,20
CAM03B_07102017_08012017_07210639.JPG,20
CAM03B_07102017_08012017_07210640.JPG,20
CAM03B_07102017_08012017_07210641.JPG,20
CAM03B_07102017_08012017_07210642.JPG,20
CAM03B_07102017_08012017_07210647.JPG,20
CAM03B_07102017_08012017_07210648.JPG,20
CAM03B_07102017_08012017_07210649.JPG,20
CAM03B_07102017_08012017_07210650.JPG,20
CAM03B_07102017_08012017_07210651.JPG,20
CAM03B_07102017_08012017_07220667.JPG,9
CAM03B_07102017_08012017_07220668.JPG,9
CAM03B_07102017_08012017_07220669.JPG,9
CAM03B_07102017_08012017_07220670.JPG,9
CAM03B_07102017_08012017_07220671.JPG,9
CAM03B_07102017_08012017_07220672.JPG,9
CAM03B_07102017_08012017_07220673.JPG,9
CAM03B_07102017_08012017_07220674.JPG,9
CAM03B_07102017_08012017_07220675.JPG,9
CAM03B_07102017_08012017_07220676.JPG,9
CAM03B_07102017_08012017_07220677.JPG,9
CAM03B_07102017_08012017_07220678.JPG,9
CAM03B_07102017_08012017_07220679.JPG,12
CAM03B_07102017_08012017_07220680.JPG,12
CAM03B_07102017_08012017_07220681.JPG,12
CAM03B_07102017_08012017_07230703.JPG,13
CAM03B_07102017_08012017_07230704.JPG,13
CAM03B_07102017_08012017_07230705.JPG,13
CAM03B_07102017_08012017_07230724.JPG,9
CAM03B_07102017_08012017_07230725.JPG,9
CAM03B_07102017_08012017_07230726.JPG,9
CAM03B_07102017_08012017_07230730.JPG,22
CAM03B_07102017_08012017_07230731.JPG,22
CAM03B_07102017_08012017_07230732.JPG,22
CAM03B_07102017_08012017_07230733.JPG,28
CAM03B_07102017_08012017_07230734.JPG,28
CAM03B_07102017_08012017_07230735.JPG,28
CAM03B_07102017_08012017_07230736.JPG,28
CAM03B_07102017_08012017_07230737.JPG,28
CAM03B_07102017_08012017_07230738.JPG,28
CAM03B_07102017_08012017_07230739.JPG,13
CAM03B_07102017_08012017_07230740.JPG,13
CAM03B_07102017_08012017_07230745.JPG,13
CAM03B_07102017_08012017_07230746.JPG,13
CAM03B_07102017_08012017_07230747.JPG,13
CAM03B_07102017_08012017_07240757.JPG,9
CAM03B_07102017_08012017_07240758.JPG,9
CAM03B_07102017_08012017_07240759.JPG,9
CAM03B_07102017_08012017_07240772.JPG,24
CAM03B_07102017_08012017_07240773.JPG,24
CAM03B_07102017_08012017_07240774.JPG,24
CAM03B_07102017_08012017_07240775.JPG,24
CAM03B_07102017_08012017_07240776.JPG,24
CAM03B_07102017_08012017_07240777.JPG,24
CAM03B_07102017_08012017_07250787.JPG,9
CAM03B_07102017_08012017_07250788.JPG,9
CAM03B_07102017_08012017_07250789.JPG,9
CAM03B_07102017_08012017_07250790.JPG,9
CAM03B_07102017_08012017_07250791.JPG,9
CAM03B_07102017_08012017_07250792.JPG,9
CAM03B_07102017_08012017_07250793.JPG,24
CAM03B_07102017_08012017_07250794.JPG,24
CAM03B_07102017_08012017_07250795.JPG,24
CAM03B_07102017_08012017_07250796.JPG,18
CAM03B_07102017_08012017_07250797.JPG,18
CAM03B_07102017_08012017_07250798.JPG,18
CAM03B_07102017_08012017_07250805.JPG,13
CAM03B_07102017_08012017_07250806.JPG,13
CAM03B_07102017_08012017_07250807.JPG,13
CAM03B_07102017_08012017_07250808.JPG,13
CAM03B_07102017_08012017_07250809.JPG,13
CAM03B_07102017_08012017_07250810.JPG,13
CAM03B_07102017_08012017_07250823.JPG,9
CAM03B_07102017_08012017_07250824.JPG,9
CAM03B_07102017_08012017_07250825.JPG,9
CAM03B_07102017_08012017_07250826.JPG,9
CAM03B_07102017_08012017_07250827.JPG,9
CAM03B_07102017_08012017_07250828.JPG,9
CAM03B_07102017_08012017_07250833.JPG,9
CAM03B_07102017_08012017_07250834.JPG,9
CAM03B_07102017_08012017_07260889.JPG,9
CAM03B_07102017_08012017_07260890.JPG,9
CAM03B_07102017_08012017_07260891.JPG,9
CAM03B_07102017_08012017_07270907.JPG,9
CAM03B_07102017_08012017_07270908.JPG,9
CAM03B_07102017_08012017_07270909.JPG,9
CAM03B_07102017_08012017_07270916.JPG,20
CAM03B_07102017_08012017_07270917.JPG,20
CAM03B_07102017_08012017_07270918.JPG,20
CAM03B_07102017_08012017_07270919.JPG,20
CAM03B_07102017_08012017_07270920.JPG,20
CAM03B_07102017_08012017_07270921.JPG,20
CAM03B_07102017_08012017_07270922.JPG,20
CAM03B_07102017_08012017_07270923.JPG,20
CAM03B_07102017_08012017_07270924.JPG,20
CAM03B_07102017_08012017_07270925.JPG,24
CAM03B_07102017_08012017_07270926.JPG,24
CAM03B_07102017_08012017_07270927.JPG,24
CAM03B_07102017_08012017_07270928.JPG,24
CAM03B_07102017_08012017_07270929.JPG,24
CAM03B_07102017_08012017_07270930.JPG,24
CAM03B_07102017_08012017_07270931.JPG,24
CAM03B_07102017_08012017_07270932.JPG,24
CAM03B_07102017_08012017_07270933.JPG,24
CAM03B_07102017_08012017_07280943.JPG,9
CAM03B_07102017_08012017_07280944.JPG,9
CAM03B_07102017_08012017_07280945.JPG,9
CAM03B_07102017_08012017_07280961.JPG,13
CAM03B_07102017_08012017_07280962.JPG,13
CAM03B_07102017_08012017_07280963.JPG,13
CAM03B_07102017_08012017_07290007.JPG,9
CAM03B_07102017_08012017_07290008.JPG,9
CAM03B_07102017_08012017_07290009.JPG,9
CAM03B_07102017_08012017_07290010.JPG,22
CAM03B_07102017_08012017_07290011.JPG,22
CAM03B_07102017_08012017_07290012.JPG,22
CAM03B_07102017_08012017_07300040.JPG,9
CAM03B_07102017_08012017_07300041.JPG,9
CAM03B_07102017_08012017_07300042.JPG,9
CAM03B_07102017_08012017_07300052.JPG,22
CAM03B_07102017_08012017_07300053.JPG,22
CAM03B_07102017_08012017_07300054.JPG,22
CAM03B_07102017_08012017_07300085.JPG,2
CAM03B_07102017_08012017_07300109.JPG,28
CAM03B_07102017_08012017_07300110.JPG,28
CAM03B_07102017_08012017_07300111.JPG,28
CAM03B_07102017_08012017_07300112.JPG,28
CAM03B_07102017_08012017_07300113.JPG,28
CAM03B_07102017_08012017_07300114.JPG,28
CAM03B_07102017_08012017_07300118.JPG,28
CAM03B_07102017_08012017_07300119.JPG,28
CAM03B_07102017_08012017_07300120.JPG,28
CAM03B_07102017_08012017_07300124.JPG,9
CAM03B_07102017_08012017_07300125.JPG,9
CAM03B_07102017_08012017_07300126.JPG,9
CAM03B_07102017_08012017_07310151.JPG,28
CAM03B_07102017_08012017_07310152.JPG,28
CAM03B_07102017_08012017_07310153.JPG,28
CAM03B_07102017_08012017_07310154.JPG,28
CAM03B_07102017_08012017_07310155.JPG,28
CAM03B_07102017_08012017_07310156.JPG,28
CAM03B_07102017_08012017_07310157.JPG,28
CAM03B_07102017_08012017_07310158.JPG,28
CAM03B_07102017_08012017_07310159.JPG,28
CAM03B_07102017_08012017_07310160.JPG,2
CAM03B_07102017_08012017_07310161.JPG,2
CAM03B_07102017_08012017_07310163.JPG,2
CAM03B_07102017_08012017_07310190.JPG,28
CAM03B_07102017_08012017_07310191.JPG,28
CAM03B_07102017_08012017_07310192.JPG,28
CAM03B_07102017_08012017_07310193.JPG,28
CAM03B_07102017_08012017_07310194.JPG,28
CAM03B_07102017_08012017_07310195.JPG,28
CAM03B_07102017_08012017_07310196.JPG,28
CAM03B_07102017_08012017_07310197.JPG,28
CAM03B_07102017_08012017_07310198.JPG,28
CAM03B_07102017_08012017_07310199.JPG,28
CAM03B_07102017_08012017_07310200.JPG,28
CAM03B_07102017_08012017_07310201.JPG,28
CAM03B_07102017_08012017_07310202.JPG,28
CAM03B_07102017_08012017_07310203.JPG,28
CAM03B_07102017_08012017_07310204.JPG,28
CAM03B_07102017_08012017_07310205.JPG,2
CAM03B_07102017_08012017_07310206.JPG,2
CAM03B_07102017_08012017_07310207.JPG,2
CAM03B_07102017_08012017_07310208.JPG,28
CAM03B_07102017_08012017_07310209.JPG,28
CAM03B_07102017_08012017_07310210.JPG,28
CAM03B_07102017_08012017_07310211.JPG,13
CAM03B_07102017_08012017_07310212.JPG,13
CAM03B_07102017_08012017_07310213.JPG,13
CAM03B_07102017_08012017_07310226.JPG,24
CAM03B_07102017_08012017_07310227.JPG,24
CAM03B_07102017_08012017_07310228.JPG,24
CAM03B_07102017_08012017_08010247.JPG,9
CAM03B_07102017_08012017_08010248.JPG,9
CAM03B_07102017_08012017_08010249.JPG,9
CAM03B_07102017_08012017_08010259.JPG,22
CAM03B_07102017_08012017_08010260.JPG,22
CAM03B_07102017_08012017_08010261.JPG,22
CAM03B_07102017_08012017_08010262.JPG,22
CAM03B_07102017_08012017_08010263.JPG,22
CAM03B_07102017_08012017_08010264.JPG,22
CAM03B_07102017_08012017_08010265.JPG,22
CAM03B_07102017_08012017_08010266.JPG,22
CAM03B_07102017_08012017_08010267.JPG,22
CAM03B_07102017_08012017_08010268.JPG,22
CAM03B_07102017_08012017_08010269.JPG,22
CAM03B_07102017_08012017_08010270.JPG,22
CAM03B_07102017_08012017_08010271.JPG,22
CAM03B_07102017_08012017_08010272.JPG,22
CAM03B_07102017_08012017_08010273.JPG,22
CAM03B_07102017_08012017_08010274.JPG,28
CAM03B_07102017_08012017_08010275.JPG,28
CAM03B_07102017_08012017_08010276.JPG,28
CAM03B_07102017_08012017_08010277.JPG,28
CAM03B_07102017_08012017_08010278.JPG,28
CAM03B_07102017_08012017_08010279.JPG,28
CAM03B_07102017_08012017_08010280.JPG,28
CAM03B_07102017_08012017_08010281.JPG,28
CAM03B_07102017_08012017_08010282.JPG,28
CAM03B_07102017_08012017_08010283.JPG,28
CAM03B_07102017_08012017_08010284.JPG,28
CAM03B_07102017_08012017_08010285.JPG,28
CAM03B_07102017_08012017_08010286.JPG,28
CAM03B_07102017_08012017_08010287.JPG,28
CAM03B_07102017_08012017_08010288.JPG,28
CAM03B_07102017_08012017_08010289.JPG,28
CAM03B_07102017_08012017_08010289.JPG,20
CAM03B_07102017_08012017_08010290.JPG,28
CAM03B_07102017_08012017_08010291.JPG,28
CAM03B_07102017_08012017_08010291.JPG,20
CAM03B_07102017_08012017_08010292.JPG,20
CAM03B_07102017_08012017_08010293.JPG,20
CAM03B_07102017_08012017_08010294.JPG,20
CAM03B_08012017_08162017_08020586.JPG,9
CAM03B_08012017_08162017_08020587.JPG,9
CAM03B_08012017_08162017_08020588.JPG,9
CAM03B_08012017_08162017_08020598.JPG,24
CAM03B_08012017_08162017_08020599.JPG,24
CAM03B_08012017_08162017_08020600.JPG,24
CAM03B_08012017_08162017_08020604.JPG,22
CAM03B_08012017_08162017_08020605.JPG,22
CAM03B_08012017_08162017_08020606.JPG,22
CAM03B_08012017_08162017_08020607.JPG,22
CAM03B_08012017_08162017_08020608.JPG,22
CAM03B_08012017_08162017_08020609.JPG,22
CAM03B_08012017_08162017_08020613.JPG,22
CAM03B_08012017_08162017_08020614.JPG,22
CAM03B_08012017_08162017_08020615.JPG,22
CAM03B_08012017_08162017_08020616.JPG,22
CAM03B_08012017_08162017_08020617.JPG,22
CAM03B_08012017_08162017_08020618.JPG,22
CAM03B_08012017_08162017_08020619.JPG,22
CAM03B_08012017_08162017_08020620.JPG,22
CAM03B_08012017_08162017_08020621.JPG,22
CAM03B_08012017_08162017_08020622.JPG,22
CAM03B_08012017_08162017_08020623.JPG,22
CAM03B_08012017_08162017_08020624.JPG,22
CAM03B_08012017_08162017_08020625.JPG,22
CAM03B_08012017_08162017_08020626.JPG,22
CAM03B_08012017_08162017_08020627.JPG,22
CAM03B_08012017_08162017_08020628.JPG,22
CAM03B_08012017_08162017_08020629.JPG,22
CAM03B_08012017_08162017_08020630.JPG,22
CAM03B_08012017_08162017_08020631.JPG,9
CAM03B_08012017_08162017_08020632.JPG,9
CAM03B_08012017_08162017_08020633.JPG,9
CAM03B_08012017_08162017_08030649.JPG,25
CAM03B_08012017_08162017_08030650.JPG,25
CAM03B_08012017_08162017_08030651.JPG,25
CAM03B_08012017_08162017_08030655.JPG,9
CAM03B_08012017_08162017_08030656.JPG,9
CAM03B_08012017_08162017_08030657.JPG,9
CAM03B_08012017_08162017_08030664.JPG,13
CAM03B_08012017_08162017_08030665.JPG,13
CAM03B_08012017_08162017_08030666.JPG,13
CAM03B_08012017_08162017_08030667.JPG,13
CAM03B_08012017_08162017_08030668.JPG,13
CAM03B_08012017_08162017_08030669.JPG,13
CAM03B_08012017_08162017_08030673.JPG,22
CAM03B_08012017_08162017_08030674.JPG,22
CAM03B_08012017_08162017_08030675.JPG,22
CAM03B_08012017_08162017_08030676.JPG,22
CAM03B_08012017_08162017_08030677.JPG,22
CAM03B_08012017_08162017_08030678.JPG,22
CAM03B_08012017_08162017_08040682.JPG,22
CAM03B_08012017_08162017_08040683.JPG,22
CAM03B_08012017_08162017_08040684.JPG,22
CAM03B_08012017_08162017_08040700.JPG,22
CAM03B_08012017_08162017_08040701.JPG,22
CAM03B_08012017_08162017_08040702.JPG,22
CAM03B_08012017_08162017_08040706.JPG,13
CAM03B_08012017_08162017_08040707.JPG,13
CAM03B_08012017_08162017_08040708.JPG,13
CAM03B_08012017_08162017_08040709.JPG,13
CAM03B_08012017_08162017_08040710.JPG,13
CAM03B_08012017_08162017_08040711.JPG,13
CAM03B_08012017_08162017_08050733.JPG,22
CAM03B_08012017_08162017_08050734.JPG,22
CAM03B_08012017_08162017_08050735.JPG,22
CAM03B_08012017_08162017_08050736.JPG,22
CAM03B_08012017_08162017_08050737.JPG,22
CAM03B_08012017_08162017_08050738.JPG,22
CAM03B_08012017_08162017_08050739.JPG,22
CAM03B_08012017_08162017_08050740.JPG,22
CAM03B_08012017_08162017_08050741.JPG,22
CAM03B_08012017_08162017_08050742.JPG,25
CAM03B_08012017_08162017_08050743.JPG,25
CAM03B_08012017_08162017_08050744.JPG,25
CAM03B_08012017_08162017_08060748.JPG,9
CAM03B_08012017_08162017_08060749.JPG,9
CAM03B_08012017_08162017_08060750.JPG,9
CAM03B_08012017_08162017_08060751.JPG,9
CAM03B_08012017_08162017_08060752.JPG,9
CAM03B_08012017_08162017_08060753.JPG,9
CAM03B_08012017_08162017_08060760.JPG,17
CAM03B_08012017_08162017_08060761.JPG,17
CAM03B_08012017_08162017_08060762.JPG,17
CAM03B_08012017_08162017_08060763.JPG,17
CAM03B_08012017_08162017_08060764.JPG,17
CAM03B_08012017_08162017_08060765.JPG,17
CAM03B_08012017_08162017_08060787.JPG,3
CAM03B_08012017_08162017_08060788.JPG,3
CAM03B_08012017_08162017_08060789.JPG,3
CAM03B_08012017_08162017_08060793.JPG,25
CAM03B_08012017_08162017_08060794.JPG,25
CAM03B_08012017_08162017_08060795.JPG,25
CAM03B_08012017_08162017_08060796.JPG,25
CAM03B_08012017_08162017_08060797.JPG,25
CAM03B_08012017_08162017_08060798.JPG,25
CAM03B_08012017_08162017_08080802.JPG,16
CAM03B_08012017_08162017_08080803.JPG,16
CAM03B_08012017_08162017_08080804.JPG,16
CAM03B_08012017_08162017_08080805.JPG,7
CAM03B_08012017_08162017_08080806.JPG,7
CAM03B_08012017_08162017_08080807.JPG,7
CAM03B_08012017_08162017_08080808.JPG,7
CAM03B_08012017_08162017_08080809.JPG,7
CAM03B_08012017_08162017_08080810.JPG,7
CAM03B_08012017_08162017_08080811.JPG,5
CAM03B_08012017_08162017_08080812.JPG,5
CAM03B_08012017_08162017_08080813.JPG,5
CAM03B_08012017_08162017_08090841.JPG,22
CAM03B_08012017_08162017_08090842.JPG,22
CAM03B_08012017_08162017_08090843.JPG,22
CAM03B_08012017_08162017_08090850.JPG,13
CAM03B_08012017_08162017_08090851.JPG,13
CAM03B_08012017_08162017_08090852.JPG,13
CAM03B_08012017_08162017_08090853.JPG,13
CAM03B_08012017_08162017_08090854.JPG,13
CAM03B_08012017_08162017_08090855.JPG,13
CAM03B_08012017_08162017_08090856.JPG,13
CAM03B_08012017_08162017_08090857.JPG,13
CAM03B_08012017_08162017_08090858.JPG,13
CAM03B_08012017_08162017_08090862.JPG,13
CAM03B_08012017_08162017_08090863.JPG,13
CAM03B_08012017_08162017_08090864.JPG,13
CAM03B_08012017_08162017_08100868.JPG,16
CAM03B_08012017_08162017_08100869.JPG,16
CAM03B_08012017_08162017_08100870.JPG,16
CAM03B_08012017_08162017_08100871.JPG,19
CAM03B_08012017_08162017_08100872.JPG,19
CAM03B_08012017_08162017_08100873.JPG,19
CAM03B_08012017_08162017_08120904.JPG,13
CAM03B_08012017_08162017_08120905.JPG,13
CAM03B_08012017_08162017_08120906.JPG,13
CAM03B_08012017_08162017_08130907.JPG,16
CAM03B_08012017_08162017_08130908.JPG,16
CAM03B_08012017_08162017_08130909.JPG,16
CAM03B_08012017_08162017_08150949.JPG,16
CAM03B_08012017_08162017_08150950.JPG,16
CAM03B_08012017_08162017_08150951.JPG,16
CAM03B_08012017_08162017_08160955.JPG,16
CAM03B_08012017_08162017_08160956.JPG,16
CAM03B_08012017_08162017_08160957.JPG,16
CAM03B_08012017_08162017_08160967.JPG,16
CAM03B_08012017_08162017_08160968.JPG,16
CAM03B_08012017_08162017_08160969.JPG,16
CAM03B_08012017_08162017_08160973.JPG,22
CAM03B_08012017_08162017_08160974.JPG,22
CAM03B_08012017_08162017_08160975.JPG,22
CAM03B_08012017_08162017_08160982.JPG,13
CAM03B_08012017_08162017_08160983.JPG,13
CAM03B_08012017_08162017_08160984.JPG,13
CAM03B_08012017_08162017_08160985.JPG,13
CAM03B_08012017_08162017_08160986.JPG,13
CAM03B_08012017_08162017_08160987.JPG,13
CAM04A_07122017_07312017_07200004.JPG,2
CAM04A_07122017_07312017_07200005.JPG,2
CAM04A_07122017_07312017_07200006.JPG,2
CAM04A_07312017_08142017_08130127.JPG,2
CAM04A_07312017_08142017_08130128.JPG,2
CAM04A_07312017_08142017_08130129.JPG,2
CAM04A_08142017_09292017_08170010.JPG,2
CAM04A_08142017_09292017_08170011.JPG,2
CAM04A_08142017_09292017_08170012.JPG,2
CAM04A_08142017_09292017_08170013.JPG,2
CAM04A_08142017_09292017_08170014.JPG,2
CAM04A_08142017_09292017_08170015.JPG,2
CAM04A_08142017_09292017_08170016.JPG,2
CAM04A_08142017_09292017_08170017.JPG,2
CAM04A_08142017_09292017_08170018.JPG,2
CAM04A_08142017_09292017_08200025.JPG,2
CAM04A_08142017_09292017_08200026.JPG,2
CAM04A_08142017_09292017_08200028.JPG,2
CAM04A_08142017_09292017_08200029.JPG,2
CAM04A_08142017_09292017_08200030.JPG,2
CAM04A_08142017_09292017_08220088.JPG,2
CAM04A_08142017_09292017_08220089.JPG,2
CAM04A_08142017_09292017_08220090.JPG,2
CAM04A_08142017_09292017_08240109.JPG,2
CAM04A_08142017_09292017_08240110.JPG,2
CAM04A_08142017_09292017_08240111.JPG,2
CAM04A_08142017_09292017_08240115.JPG,2
CAM04A_08142017_09292017_08240116.JPG,2
CAM04A_08142017_09292017_08240117.JPG,2
CAM04A_08142017_09292017_08240121.JPG,2
CAM04A_08142017_09292017_08240122.JPG,2
CAM04A_08142017_09292017_08240123.JPG,2
CAM04A_08142017_09292017_08250136.JPG,2
CAM04A_08142017_09292017_08250137.JPG,2
CAM04A_08142017_09292017_08250138.JPG,2
CAM04A_08142017_09292017_08260150.JPG,2
CAM04A_08142017_09292017_08280184.JPG,2
CAM04A_08142017_09292017_08280185.JPG,2
CAM04A_08142017_09292017_08280186.JPG,2
CAM04A_08142017_09292017_08280190.JPG,2
CAM04A_08142017_09292017_08280191.JPG,2
CAM04A_08142017_09292017_08280192.JPG,2
CAM04A_08142017_09292017_08280199.JPG,2
CAM04A_08142017_09292017_08280200.JPG,2
CAM04A_08142017_09292017_08280201.JPG,2
CAM04A_08142017_09292017_08290217.JPG,2
CAM04A_08142017_09292017_08290218.JPG,2
CAM04A_08142017_09292017_08290219.JPG,2
CAM04A_09292017_10062017_09290073.JPG,2
CAM04A_09292017_10062017_09290074.JPG,2
CAM04A_09292017_10062017_09290075.JPG,2
CAM04A_09292017_10062017_09290076.JPG,2
CAM04A_09292017_10062017_09290077.JPG,2
CAM04A_09292017_10062017_09290078.JPG,2
CAM04A_09292017_10062017_09300082.JPG,2
CAM04A_09292017_10062017_09300083.JPG,2
CAM04A_09292017_10062017_09300084.JPG,2
CAM04A_09292017_10062017_09300085.JPG,2
CAM04A_09292017_10062017_09300086.JPG,2
CAM04A_09292017_10062017_09300087.JPG,2
CAM04A_09292017_10062017_09300088.JPG,2
CAM04A_09292017_10062017_09300089.JPG,2
CAM04A_09292017_10062017_09300090.JPG,2
CAM04A_09292017_10062017_09300100.JPG,2
CAM04A_09292017_10062017_09300101.JPG,2
CAM04A_09292017_10062017_09300102.JPG,2
CAM04A_09292017_10062017_09300112.JPG,2
CAM04A_09292017_10062017_09300113.JPG,2
CAM04A_09292017_10062017_09300114.JPG,2
CAM04A_09292017_10062017_09300115.JPG,2
CAM04A_09292017_10062017_09300116.JPG,2
CAM04A_09292017_10062017_09300117.JPG,2
CAM04A_09292017_10062017_09300121.JPG,2
CAM04A_09292017_10062017_09300122.JPG,2
CAM04A_09292017_10062017_09300123.JPG,2
CAM04A_09292017_10062017_10010139.JPG,2
CAM04A_09292017_10062017_10010140.JPG,2
CAM04A_09292017_10062017_10010141.JPG,2
CAM04A_09292017_10062017_10010145.JPG,2
CAM04A_09292017_10062017_10010146.JPG,2
CAM04A_09292017_10062017_10010147.JPG,2
CAM04A_09292017_10062017_10010150.JPG,2
CAM04A_09292017_10062017_10010151.JPG,2
CAM04A_09292017_10062017_10010152.JPG,2
CAM04A_09292017_10062017_10010153.JPG,2
CAM04A_09292017_10062017_10010154.JPG,2
CAM04A_09292017_10062017_10010155.JPG,2
CAM04A_09292017_10062017_10010156.JPG,2
CAM04A_09292017_10062017_10010157.JPG,2
CAM04A_09292017_10062017_10010158.JPG,2
CAM04A_09292017_10062017_10010159.JPG,2
CAM04A_09292017_10062017_10010160.JPG,2
CAM04A_09292017_10062017_10010161.JPG,2
CAM04A_09292017_10062017_10010162.JPG,2
CAM04A_09292017_10062017_10010166.JPG,2
CAM04A_09292017_10062017_10010167.JPG,2
CAM04A_09292017_10062017_10010168.JPG,2
CAM04A_09292017_10062017_10010169.JPG,2
CAM04A_09292017_10062017_10010170.JPG,2
CAM04A_09292017_10062017_10010171.JPG,2
CAM04A_09292017_10062017_10020175.JPG,2
CAM04A_09292017_10062017_10020176.JPG,2
CAM04A_09292017_10062017_10020177.JPG,2
CAM04A_09292017_10062017_10020184.JPG,2
CAM04A_09292017_10062017_10020185.JPG,2
CAM04A_09292017_10062017_10020186.JPG,2
CAM04A_09292017_10062017_10020196.JPG,2
CAM04A_09292017_10062017_10020197.JPG,2
CAM04A_09292017_10062017_10020198.JPG,2
CAM04A_09292017_10062017_10020199.JPG,2
CAM04A_09292017_10062017_10020200.JPG,2
CAM04A_09292017_10062017_10020201.JPG,2
CAM04A_09292017_10062017_10020202.JPG,2
CAM04A_09292017_10062017_10020203.JPG,2
CAM04A_09292017_10062017_10020204.JPG,2
CAM04A_09292017_10062017_10020211.JPG,2
CAM04A_09292017_10062017_10020212.JPG,2
CAM04A_09292017_10062017_10020213.JPG,2
CAM04A_09292017_10062017_10020226.JPG,2
CAM04A_09292017_10062017_10020227.JPG,2
CAM04A_09292017_10062017_10020228.JPG,2
CAM04A_09292017_10062017_10020235.JPG,2
CAM04A_09292017_10062017_10020236.JPG,2
CAM04A_09292017_10062017_10020237.JPG,2
CAM04A_09292017_10062017_10030247.JPG,2
CAM04A_09292017_10062017_10030248.JPG,2
CAM04A_09292017_10062017_10030249.JPG,2
CAM04A_09292017_10062017_10030265.JPG,2
CAM04A_09292017_10062017_10030266.JPG,2
CAM04A_09292017_10062017_10030267.JPG,2
CAM04A_09292017_10062017_10030268.JPG,2
CAM04A_09292017_10062017_10030269.JPG,2
CAM04A_09292017_10062017_10030270.JPG,2
CAM04A_09292017_10062017_10030274.JPG,2
CAM04A_09292017_10062017_10030275.JPG,2
CAM04A_09292017_10062017_10030276.JPG,2
CAM04A_09292017_10062017_10030277.JPG,2
CAM04A_09292017_10062017_10030278.JPG,2
CAM04A_09292017_10062017_10030279.JPG,2
CAM04A_09292017_10062017_10040283.JPG,2
CAM04A_09292017_10062017_10040284.JPG,2
CAM04A_09292017_10062017_10040285.JPG,2
CAM04A_09292017_10062017_10040295.JPG,2
CAM04A_09292017_10062017_10040296.JPG,2
CAM04A_09292017_10062017_10040297.JPG,2
CAM04A_09292017_10062017_10040298.JPG,2
CAM04A_09292017_10062017_10040299.JPG,2
CAM04A_09292017_10062017_10040300.JPG,2
CAM04A_09292017_10062017_10040304.JPG,2
CAM04A_09292017_10062017_10040305.JPG,2
CAM04A_09292017_10062017_10040306.JPG,2
CAM04A_09292017_10062017_10040310.JPG,2
CAM04A_09292017_10062017_10040311.JPG,2
CAM04A_09292017_10062017_10040312.JPG,2
CAM04A_09292017_10062017_10040313.JPG,2
CAM04A_09292017_10062017_10040314.JPG,2
CAM04A_09292017_10062017_10040315.JPG,2
CAM04A_09292017_10062017_10040316.JPG,2
CAM04A_09292017_10062017_10040317.JPG,2
CAM04A_09292017_10062017_10040318.JPG,2
CAM04A_09292017_10062017_10040319.JPG,2
CAM04A_09292017_10062017_10040320.JPG,2
CAM04A_09292017_10062017_10040321.JPG,2
CAM04A_09292017_10062017_10040328.JPG,2
CAM04A_09292017_10062017_10040329.JPG,2
CAM04A_09292017_10062017_10050337.JPG,2
CAM04A_09292017_10062017_10050338.JPG,2
CAM04A_09292017_10062017_10050339.JPG,2
CAM04A_09292017_10062017_10050343.JPG,2
CAM04A_09292017_10062017_10050344.JPG,2
CAM04A_09292017_10062017_10050345.JPG,2
CAM04A_09292017_10062017_10050358.JPG,2
CAM04A_09292017_10062017_10050359.JPG,2
CAM04A_09292017_10062017_10050360.JPG,2
CAM04A_09292017_10062017_10050361.JPG,2
CAM04A_09292017_10062017_10050362.JPG,2
CAM04A_09292017_10062017_10050363.JPG,2
CAM04A_09292017_10062017_10060379.JPG,2
CAM04A_09292017_10062017_10060380.JPG,2
CAM04A_09292017_10062017_10060381.JPG,2
CAM04B_06292017_07122017_07030196.JPG,2
CAM04B_06292017_07122017_07030197.JPG,2
CAM04B_06292017_07122017_07030198.JPG,2
CAM04B_06292017_07122017_07030199.JPG,2
CAM04B_06292017_07122017_07030200.JPG,2
CAM04B_06292017_07122017_07030201.JPG,2
CAM04B_06292017_07122017_07030202.JPG,2
CAM04B_06292017_07122017_07030203.JPG,2
CAM04B_06292017_07122017_07030204.JPG,2
CAM04B_06292017_07122017_07030205.JPG,2
CAM04B_06292017_07122017_07030206.JPG,2
CAM04B_06292017_07122017_07030207.JPG,2
CAM04B_06292017_07122017_07030208.JPG,2
CAM04B_06292017_07122017_07030209.JPG,2
CAM04B_06292017_07122017_07030210.JPG,2
CAM04B_06292017_07122017_07030214.JPG,2
CAM04B_06292017_07122017_07030215.JPG,2
CAM04B_06292017_07122017_07030216.JPG,2
CAM04B_06292017_07122017_07030223.JPG,2
CAM04B_06292017_07122017_07030224.JPG,2
CAM04B_06292017_07122017_07030225.JPG,2
CAM04B_06292017_07122017_07030229.JPG,2
CAM04B_06292017_07122017_07030230.JPG,2
CAM04B_06292017_07122017_07030231.JPG,2
CAM04B_07312017_08142017_08070883.JPG,2
CAM04B_07312017_08142017_08070884.JPG,2
CAM04B_07312017_08142017_08070885.JPG,2
CAM04B_07312017_08142017_08130013.JPG,2
CAM04B_07312017_08142017_08130014.JPG,2
CAM04B_07312017_08142017_08130015.JPG,2
CAM04B_07312017_08142017_08130022.JPG,2
CAM04B_07312017_08142017_08130023.JPG,2
CAM04B_07312017_08142017_08130024.JPG,2
CAM04B_08142017_08292017_08160082.JPG,2
CAM04B_08142017_08292017_08160083.JPG,2
CAM04B_08142017_08292017_08160084.JPG,2
CAM04B_08142017_08292017_08280286.JPG,2
CAM04B_08142017_08292017_08280287.JPG,2
CAM04B_08142017_08292017_08280288.JPG,2
CAM04B_08292017_09292017_09210001.JPG,2
CAM04B_08292017_09292017_09210002.JPG,2
CAM04B_08292017_09292017_09270066.JPG,2
CAM04B_08292017_09292017_09270067.JPG,2
CAM04B_08292017_09292017_09270068.JPG,2