CAM04C_07122017_07312017_07290145.JPG,2
CAM04C_07122017_07312017_07290146.JPG,2
CAM04C_07122017_07312017_07290147.JPG,2
CAM04C_08292017_09292017_09050129.JPG,2
CAM04C_08292017_09292017_09050130.JPG,2
CAM04C_08292017_09292017_09050131.JPG,2
CAM04C_08292017_09292017_09200153.JPG,2
CAM04C_08292017_09292017_09200154.JPG,2
CAM04C_08292017_09292017_09200155.JPG,2
CAM04C_08292017_09292017_09270195.JPG,2
CAM04C_08292017_09292017_09270196.JPG,2
CAM04C_08292017_09292017_09270197.JPG,2
CAM04C_09292017_10062017_09290010.JPG,2
CAM04C_09292017_10062017_09290013.JPG,2
CAM04C_09292017_10062017_09290016.JPG,2
CAM04C_09292017_10062017_09290028.JPG,2
CAM04C_09292017_10062017_09290031.JPG,2
CAM04C_09292017_10062017_09300037.JPG,2
CAM04C_09292017_10062017_10010041.JPG,2
CAM04C_09292017_10062017_10010042.JPG,2
CAM04C_09292017_10062017_10050067.JPG,2
CAM04C_09292017_10062017_10050068.JPG,2
CAM04C_09292017_10062017_10050069.JPG,2
CAM04C_09292017_10062017_10060071.JPG,2
CAM04D_07312017_08142017_08070302.JPG,2
CAM04D_07312017_08142017_08070303.JPG,2
CAM04D_07312017_08142017_08070304.JPG,2
CAM04D_07312017_08142017_08070305.JPG,2
CAM04D_07312017_08142017_08070306.JPG,2
CAM04D_07312017_08142017_08070307.JPG,2
CAM04D_07312017_08142017_08070308.JPG,2
CAM04D_07312017_08142017_08070309.JPG,2
CAM04D_07312017_08142017_08070310.JPG,2
CAM04D_07312017_08142017_08130428.JPG,2
CAM04D_07312017_08142017_08130429.JPG,2
CAM04D_07312017_08142017_08130430.JPG,2
CAM04D_07312017_08142017_08130455.JPG,2
CAM04D_07312017_08142017_08130456.JPG,2
CAM04D_07312017_08142017_08130457.JPG,2
CAM04D_07312017_08142017_08130458.JPG,2
CAM04D_07312017_08142017_08130459.JPG,2
CAM04D_07312017_08142017_08130460.JPG,2
CAM04D_09292017_10062017_09300037.JPG,2
CAM04D_09292017_10062017_09300038.JPG,2
CAM04D_09292017_10062017_09300039.JPG,2
CAM04D_09292017_10062017_10020142.JPG,2
CAM04D_09292017_10062017_10020143.JPG,2
CAM04D_09292017_10062017_10020144.JPG,2
CAM04D_09292017_10062017_10030154.JPG,2
CAM04D_09292017_10062017_10030155.JPG,2
CAM04D_09292017_10062017_10030156.JPG,2
CAM04D_09292017_10062017_10030181.JPG,2
CAM04D_09292017_10062017_10030182.JPG,2
CAM04D_09292017_10062017_10030183.JPG,2
CAM04D_09292017_10062017_10030193.JPG,2
CAM04D_09292017_10062017_10030194.JPG,2
CAM04D_09292017_10062017_10030195.JPG,2
CAM04D_09292017_10062017_10030196.JPG,2
CAM04D_09292017_10062017_10030197.JPG,2
CAM04D_09292017_10062017_10030198.JPG,2
CAM04D_09292017_10062017_10050226.JPG,2
CAM04D_09292017_10062017_10050227.JPG,2
CAM04D_09292017_10062017_10050228.JPG,2
CAM04D_09292017_10062017_10060229.JPG,2
CAM04D_09292017_10062017_10060230.JPG,2
CAM04D_09292017_10062017_10060238.JPG,2
CAM04D_09292017_10062017_10060239.JPG,2
CAM04D_09292017_10062017_10060240.JPG,2
CAM05A_07032017_07122017_07060707.JPG,8
CAM05A_07032017_07122017_07060708.JPG,8
CAM05A_07032017_07122017_07060709.JPG,8
CAM05A_07032017_07122017_07070914.JPG,19
CAM05A_07032017_07122017_07070915.JPG,19
CAM05A_07032017_07122017_07070916.JPG,19
CAM05A_07122017_07312017_07120008.JPG,2
CAM05A_07122017_07312017_07130010.JPG,2
CAM05A_07122017_07312017_07160013.JPG,2
CAM05A_07122017_07312017_07160018.JPG,2
CAM05A_07122017_07312017_07160095.JPG,2
CAM05A_07122017_07312017_07210479.JPG,2
CAM05A_07122017_07312017_07230698.JPG,2
CAM05A_07122017_07312017_07230817.JPG,2
CAM05A_07122017_07312017_07300409.JPG,2
CAM05A_07122017_07312017_07300410.JPG,2
CAM05A_07122017_07312017_07300411.JPG,2
CAM05A_07122017_07312017_07300440.JPG,2
CAM05A_07122017_07312017_07300785.JPG,2
CAM05A_07122017_07312017_07310847.JPG,2
CAM05A_07312017_08142017_08040356.JPG,11
CAM05A_07312017_08142017_08040357.JPG,11
CAM05A_07312017_08142017_08040358.JPG,11
CAM05A_07312017_08142017_08120926.JPG,8
CAM05A_07312017_08142017_08120927.JPG,8
CAM05A_07312017_08142017_08120928.JPG,8
CAM06A_07052017_07122017_07050024.JPG,12
CAM06A_07052017_07122017_07050025.JPG,12
CAM06A_07052017_07122017_07050026.JPG,12
CAM06A_07052017_07122017_07060030.JPG,19
CAM06A_07052017_07122017_07060031.JPG,19
CAM06A_07052017_07122017_07060032.JPG,19
CAM06A_07052017_07122017_07110036.JPG,19
CAM06A_07052017_07122017_07110037.JPG,19
CAM06A_07052017_07122017_07110038.JPG,19
CAM06A_07052017_07122017_07110039.JPG,24
CAM06A_07052017_07122017_07110040.JPG,24
CAM06A_07052017_07122017_07110041.JPG,24
CAM06A_07052017_07122017_07120042.JPG,19
CAM06A_07052017_07122017_07120043.JPG,19
CAM06A_07052017_07122017_07120044.JPG,19
CAM06A_07122017_07312017_07150004.JPG,19
CAM06A_07122017_07312017_07150005.JPG,19
CAM06A_07122017_07312017_07150006.JPG,19
CAM06A_07122017_07312017_07170007.JPG,19
CAM06A_07122017_07312017_07170008.JPG,19
CAM06A_07122017_07312017_07170009.JPG,19
CAM06A_07122017_07312017_07210010.JPG,21
CAM06A_07122017_07312017_07210011.JPG,21
CAM06A_07122017_07312017_07210012.JPG,21
CAM06A_07122017_07312017_07240014.JPG,10
CAM06A_07122017_07312017_07240015.JPG,10
CAM06A_07122017_07312017_07240016.JPG,10
CAM06A_07122017_07312017_07240017.JPG,10
CAM06A_07122017_07312017_07240018.JPG,10
CAM06A_07122017_07312017_07240019.JPG,10
CAM06A_07122017_07312017_07240020.JPG,10
CAM06A_07122017_07312017_07240021.JPG,10
CAM06A_07122017_07312017_07240022.JPG,10
CAM06A_07122017_07312017_07240023.JPG,10
CAM06A_07122017_07312017_07240024.JPG,10
CAM06A_07122017_07312017_07240025.JPG,10
CAM06A_07122017_07312017_07240026.JPG,10
CAM06A_07122017_07312017_07240027.JPG,10
CAM06A_07122017_07312017_07260028.JPG,19
CAM06A_07122017_07312017_07260029.JPG,19
CAM06A_07122017_07312017_07260030.JPG,19
CAM06A_07122017_07312017_07260031.JPG,19
CAM06A_07122017_07312017_07260032.JPG,19
CAM06A_07122017_07312017_07260033.JPG,19
CAM06A_07122017_07312017_07260034.JPG,19
CAM06A_07122017_07312017_07260035.JPG,19
CAM06A_07122017_07312017_07260036.JPG,19
CAM06A_07122017_07312017_07290037.JPG,19
CAM06A_07122017_07312017_07290038.JPG,19
CAM06A_07122017_07312017_07310040.JPG,11
CAM06A_07122017_07312017_07310041.JPG,11
CAM06A_07122017_07312017_07310042.JPG,11
CAM06A_07122017_07312017_07310043.JPG,11
CAM06A_07122017_07312017_07310044.JPG,11
CAM06A_07122017_07312017_07310045.JPG,11
CAM06A_07312017_08142017_07310051.JPG,2
CAM06A_07312017_08142017_07310054.JPG,2
CAM06A_07312017_08142017_08060057.JPG,19
CAM06A_07312017_08142017_08060058.JPG,19
CAM06A_07312017_08142017_08060059.JPG,19
CAM06A_07312017_08142017_08060060.JPG,1
CAM06A_07312017_08142017_08060061.JPG,1
CAM06A_07312017_08142017_08060062.JPG,1
CAM06A_07312017_08142017_08060063.JPG,1
CAM06A_07312017_08142017_08060064.JPG,1
CAM06A_07312017_08142017_08060065.JPG,1
CAM06A_07312017_08142017_08060066.JPG,1
CAM06A_07312017_08142017_08060067.JPG,1
CAM06A_07312017_08142017_08060068.JPG,1
CAM06A_07312017_08142017_08100072.JPG,1
CAM06A_07312017_08142017_08100073.JPG,1
CAM06A_07312017_08142017_08100074.JPG,1
CAM06A_07312017_08142017_08100075.JPG,1
CAM06A_07312017_08142017_08100076.JPG,1
CAM06A_07312017_08142017_08100077.JPG,1
CAM06A_07312017_08142017_08110078.JPG,19
CAM06A_07312017_08142017_08110079.JPG,19
CAM06A_07312017_08142017_08110080.JPG,19
CAM06A_07312017_08142017_08110081.JPG,19
CAM06A_07312017_08142017_08110082.JPG,19
CAM06A_07312017_08142017_08110083.JPG,19
CAM06A_07312017_08142017_08120084.JPG,19
CAM06A_07312017_08142017_08120085.JPG,19
CAM06A_07312017_08142017_08120086.JPG,19
CAM06A_07312017_08142017_08120087.JPG,19
CAM06A_07312017_08142017_08120088.JPG,19
CAM06A_07312017_08142017_08120089.JPG,19
CAM06A_07312017_08142017_08140090.JPG,16
CAM06A_07312017_08142017_08140091.JPG,16
CAM06A_07312017_08142017_08140092.JPG,16
CAM06A_07312017_08142017_08140093.JPG,2
CAM06A_07312017_08142017_08140094.JPG,2
CAM07A_07312017_08142017_07310586.JPG,2
CAM07A_07312017_08142017_07310587.JPG,2
CAM07A_07312017_08142017_07310588.JPG,2
CAM07A_07312017_08142017_07310591.JPG,2
CAM07A_07312017_08142017_07310716.JPG,2
CAM07A_07312017_08142017_08010973.JPG,2
CAM07A_07312017_08142017_08030184.JPG,2
CAM07A_07312017_08142017_08030196.JPG,2
CAM07A_07312017_08142017_08030215.JPG,2
CAM07A_07312017_08142017_08060830.JPG,2
CAM07A_07312017_08142017_08090619.JPG,2
CAM07A_07312017_08142017_08090620.JPG,2
CAM07A_07312017_08142017_08090622.JPG,2
CAM07A_07312017_08142017_08090997.JPG,2
CAM07A_07312017_08142017_08100206.JPG,2
CAM07A_07312017_08142017_08140537.JPG,2
CAM08A_07312018_12172018_IMG_0103.JPG,2
CAM08A_07312018_12172018_IMG_0105.JPG,2
CAM08A_07312018_12172018_IMG_0106.JPG,2
CAM08A_07312018_12172018_IMG_0112.JPG,2
CAM08A_07312018_12172018_IMG_0219.JPG,2
CAM08A_07312018_12172018_IMG_0228.JPG,2
CAM08A_07312018_12172018_IMG_0236.JPG,2
CAM08A_08152017_10252017_IMG_0001.JPG,14
CAM08A_08152017_10252017_IMG_0007.JPG,21
CAM08A_08152017_10252017_IMG_0008.JPG,21
CAM08A_08152017_10252017_IMG_0010.JPG,21
CAM08A_08152017_10252017_IMG_0011.JPG,21
CAM08A_08152017_10252017_IMG_0012.JPG,21
CAM08A_08152017_10252017_IMG_0013.JPG,21
CAM08A_08152017_10252017_IMG_0014.JPG,21
CAM08A_08152017_10252017_IMG_0015.JPG,21
CAM08A_08152017_10252017_IMG_0016.JPG,21
CAM08A_08152017_10252017_IMG_0017.JPG,21
CAM08A_08152017_10252017_IMG_0019.JPG,21
CAM08A_08152017_10252017_IMG_0020.JPG,21
CAM08A_08152017_10252017_IMG_0022.JPG,4
CAM08A_08152017_10252017_IMG_0023.JPG,4
CAM08A_08152017_10252017_IMG_0024.JPG,4
CAM08A_08152017_10252017_IMG_0025.JPG,4
CAM08A_08152017_10252017_IMG_0026.JPG,4
CAM08A_08152017_10252017_IMG_0027.JPG,4
CAM08A_08152017_10252017_IMG_0028.JPG,21
CAM08A_08152017_10252017_IMG_0031.JPG,10
CAM08A_08152017_10252017_IMG_0032.JPG,10
CAM08A_08152017_10252017_IMG_0033.JPG,10
CAM08A_08152017_10252017_IMG_0034.JPG,10
CAM08A_08152017_10252017_IMG_0035.JPG,10
CAM08A_08152017_10252017_IMG_0036.JPG,10
CAM08A_08152017_10252017_IMG_0037.JPG,10
CAM08A_08152017_10252017_IMG_0038.JPG,10
CAM08A_08152017_10252017_IMG_0039.JPG,10
CAM08A_08152017_10252017_IMG_0040.JPG,10
CAM08A_08152017_10252017_IMG_0041.JPG,2
CAM08A_08152017_10252017_IMG_0042.JPG,2
CAM08A_08152017_10252017_IMG_0043.JPG,21
CAM08A_08152017_10252017_IMG_0044.JPG,21
CAM08A_08152017_10252017_IMG_0045.JPG,21
CAM08A_08152017_10252017_IMG_0046.JPG,21
CAM08A_08152017_10252017_IMG_0047.JPG,21
CAM08A_08152017_10252017_IMG_0049.JPG,21
CAM08A_08152017_10252017_IMG_0050.JPG,21
CAM08A_08152017_10252017_IMG_0051.JPG,21
CAM08A_08152017_10252017_IMG_0058.JPG,21
CAM08A_08152017_10252017_IMG_0059.JPG,21
CAM08A_08152017_10252017_IMG_0060.JPG,21
CAM08A_08152017_10252017_IMG_0061.JPG,27
CAM08A_08152017_10252017_IMG_0062.JPG,27
CAM08A_08152017_10252017_IMG_0063.JPG,27
CAM08A_08152017_10252017_IMG_0067.JPG,19
CAM08A_08152017_10252017_IMG_0068.JPG,19
CAM08A_08152017_10252017_IMG_0069.JPG,19
CAM08A_08152017_10252017_IMG_0070.JPG,21
CAM08A_08152017_10252017_IMG_0071.JPG,21
CAM08A_08152017_10252017_IMG_0072.JPG,21
CAM08A_08152017_10252017_IMG_0073.JPG,21
CAM08A_08152017_10252017_IMG_0074.JPG,21
CAM08A_08152017_10252017_IMG_0076.JPG,19
CAM08A_08152017_10252017_IMG_0077.JPG,19
CAM08A_08152017_10252017_IMG_0078.JPG,19
CAM08A_08152017_10252017_IMG_0079.JPG,21
CAM08A_08152017_10252017_IMG_0080.JPG,21
CAM08A_08152017_10252017_IMG_0081.JPG,21
CAM08A_08152017_10252017_IMG_0082.JPG,4
CAM08A_08152017_10252017_IMG_0083.JPG,4
CAM08A_08152017_10252017_IMG_0084.JPG,4
CAM08A_08152017_10252017_IMG_0088.JPG,25
CAM08A_08152017_10252017_IMG_0089.JPG,25
CAM08A_08152017_10252017_IMG_0090.JPG,25
CAM08A_08152017_10252017_IMG_0091.JPG,21
CAM08A_08152017_10252017_IMG_0092.JPG,21
CAM08A_08152017_10252017_IMG_0093.JPG,21
CAM08A_08152017_10252017_IMG_0094.JPG,21
CAM08A_08152017_10252017_IMG_0095.JPG,21
CAM08A_08152017_10252017_IMG_0096.JPG,21
CAM08A_08152017_10252017_IMG_0097.JPG,17
CAM08A_08152017_10252017_IMG_0098.JPG,17
CAM08A_08152017_10252017_IMG_0099.JPG,17
CAM08A_08152017_10252017_IMG_0100.JPG,17
CAM08A_08152017_10252017_IMG_0101.JPG,17
CAM08A_08152017_10252017_IMG_0102.JPG,17
CAM08A_08152017_10252017_IMG_0103.JPG,17
CAM08A_08152017_10252017_IMG_0104.JPG,17
CAM08A_08152017_10252017_IMG_0105.JPG,17
CAM08A_08152017_10252017_IMG_0106.JPG,17
CAM08A_08152017_10252017_IMG_0107.JPG,17
CAM08A_08152017_10252017_IMG_0108.JPG,17
CAM08A_08152017_10252017_IMG_0112.JPG,17
CAM08A_08152017_10252017_IMG_0113.JPG,17
CAM08A_08152017_10252017_IMG_0114.JPG,17
CAM08A_08152017_10252017_IMG_0115.JPG,17
CAM08A_08152017_10252017_IMG_0116.JPG,17
CAM08A_08152017_10252017_IMG_0117.JPG,17
CAM08A_08152017_10252017_IMG_0118.JPG,17
CAM08A_08152017_10252017_IMG_0119.JPG,17
CAM08A_08152017_10252017_IMG_0120.JPG,17
CAM08A_08152017_10252017_IMG_0121.JPG,17
CAM08A_08152017_10252017_IMG_0122.JPG,17
CAM08A_08152017_10252017_IMG_0123.JPG,17
CAM08A_08152017_10252017_IMG_0124.JPG,17
CAM08A_08152017_10252017_IMG_0125.JPG,17
CAM08A_08152017_10252017_IMG_0126.JPG,17
CAM08A_08152017_10252017_IMG_0127.JPG,17
CAM08A_08152017_10252017_IMG_0128.JPG,17
CAM08A_08152017_10252017_IMG_0129.JPG,17
CAM08A_08152017_10252017_IMG_0130.JPG,17
CAM08A_08152017_10252017_IMG_0131.JPG,17
CAM08A_08152017_10252017_IMG_0132.JPG,17
CAM08A_08152017_10252017_IMG_0133.JPG,17
CAM08A_08152017_10252017_IMG_0134.JPG,17
CAM08A_08152017_10252017_IMG_0135.JPG,17
CAM08A_08152017_10252017_IMG_0136.JPG,17
CAM08A_08152017_10252017_IMG_0137.JPG,17
CAM08A_08152017_10252017_IMG_0138.JPG,17
CAM08A_10252017_12202017_IMG_0058.JPG,12
CAM08A_10252017_12202017_IMG_0059.JPG,12
CAM08A_10252017_12202017_IMG_0060.JPG,12
CAM08A_10252017_12202017_IMG_0061.JPG,12
CAM08A_10252017_12202017_IMG_0062.JPG,12
CAM08A_10252017_12202017_IMG_0063.JPG,12
CAM08A_10252017_12202017_IMG_0064.JPG,12
CAM08A_10252017_12202017_IMG_0065.JPG,12
CAM08A_10252017_12202017_IMG_0066.JPG,12
CAM08A_10252017_12202017_IMG_0067.JPG,12
CAM08A_10252017_12202017_IMG_0068.JPG,12
CAM08A_10252017_12202017_IMG_0069.JPG,12
CAM08A_10252017_12202017_IMG_0070.JPG,26
CAM08A_10252017_12202017_IMG_0071.JPG,26
CAM08A_10252017_12202017_IMG_0072.JPG,26
CAM08A_10252017_12202017_IMG_0073.JPG,26
CAM08A_10252017_12202017_IMG_0074.JPG,26
CAM08A_10252017_12202017_IMG_0075.JPG,26
CAM08A_10252017_12202017_IMG_0076.JPG,26
CAM08A_10252017_12202017_IMG_0077.JPG,26
CAM08A_10252017_12202017_IMG_0078.JPG,26
CAM08A_10252017_12202017_IMG_0079.JPG,12
CAM08A_10252017_12202017_IMG_0080.JPG,12
CAM08A_10252017_12202017_IMG_0081.JPG,12
CAM08A_10252017_12202017_IMG_0082.JPG,12
CAM08A_10252017_12202017_IMG_0083.JPG,12
CAM08A_10252017_12202017_IMG_0084.JPG,12
CAM08A_10252017_12202017_IMG_0085.JPG,12
CAM08A_10252017_12202017_IMG_0086.JPG,12
CAM08A_10252017_12202017_IMG_0087.JPG,12
CAM08A_10252017_12202017_IMG_0088.JPG,17
CAM08A_10252017_12202017_IMG_0089.JPG,17
CAM08A_10252017_12202017_IMG_0090.JPG,17
CAM08A_10252017_12202017_IMG_0094.JPG,10
CAM08A_10252017_12202017_IMG_0095.JPG,10
CAM08A_10252017_12202017_IMG_0096.JPG,10
CAM08A_10252017_12202017_IMG_0097.JPG,10
CAM08A_10252017_12202017_IMG_0098.JPG,10
CAM08A_10252017_12202017_IMG_0099.JPG,10
CAM08A_10252017_12202017_IMG_0100.JPG,10
CAM08A_10252017_12202017_IMG_0101.JPG,10
CAM08A_10252017_12202017_IMG_0102.JPG,10
CAM08A_10252017_12202017_IMG_0103.JPG,10
CAM08A_10252017_12202017_IMG_0104.JPG,10
CAM08A_10252017_12202017_IMG_0105.JPG,10
CAM08A_10252017_12202017_IMG_0106.JPG,10
CAM08A_10252017_12202017_IMG_0107.JPG,10
CAM08A_10252017_12202017_IMG_0108.JPG,10
CAM08A_10252017_12202017_IMG_0109.JPG,10
CAM08A_10252017_12202017_IMG_0110.JPG,10
CAM08A_10252017_12202017_IMG_0111.JPG,10
CAM08A_10252017_12202017_IMG_0112.JPG,10
CAM08A_10252017_12202017_IMG_0113.JPG,10
CAM08A_10252017_12202017_IMG_0114.JPG,10
CAM08A_10252017_12202017_IMG_0115.JPG,10
CAM08A_10252017_12202017_IMG_0116.JPG,10
CAM08A_10252017_12202017_IMG_0117.JPG,10
CAM08A_10252017_12202017_IMG_0121.JPG,17
CAM08A_10252017_12202017_IMG_0122.JPG,17
CAM08A_10252017_12202017_IMG_0123.JPG,17
CAM08A_10252017_12202017_IMG_0124.JPG,17
CAM08A_10252017_12202017_IMG_0125.JPG,17
CAM08A_10252017_12202017_IMG_0126.JPG,17
CAM08A_10252017_12202017_IMG_0127.JPG,17
CAM08A_10252017_12202017_IMG_0128.JPG,17
CAM08A_10252017_12202017_IMG_0129.JPG,2
CAM08A_10252017_12202017_IMG_0130.JPG,12
CAM08A_10252017_12202017_IMG_0131.JPG,12
CAM08A_10252017_12202017_IMG_0133.JPG,21
CAM08A_10252017_12202017_IMG_0134.JPG,21
CAM08A_10252017_12202017_IMG_0135.JPG,21
CAM08A_10252017_12202017_IMG_0136.JPG,25
CAM08A_10252017_12202017_IMG_0137.JPG,25
CAM08A_10252017_12202017_IMG_0138.JPG,25
CAM08A_10252017_12202017_IMG_0139.JPG,25
CAM08A_10252017_12202017_IMG_0140.JPG,25
CAM08A_10252017_12202017_IMG_0141.JPG,25
CAM08A_10252017_12202017_IMG_0142.JPG,25
CAM08A_10252017_12202017_IMG_0143.JPG,25
CAM08A_10252017_12202017_IMG_0144.JPG,25
CAM08C_07272017_08152017_IMG_0058.JPG,27
CAM08C_07272017_08152017_IMG_0059.JPG,27
CAM08C_07272017_08152017_IMG_0060.JPG,27
CAM08C_07272017_08152017_IMG_0061.JPG,27
CAM08C_07272017_08152017_IMG_0062.JPG,27
CAM08C_07272017_08152017_IMG_0063.JPG,27
CAM08C_07272017_08152017_IMG_0064.JPG,27
CAM08C_07272017_08152017_IMG_0065.JPG,27
CAM08C_07272017_08152017_IMG_0066.JPG,27
CAM08C_07272017_08152017_IMG_0067.JPG,27
CAM08C_07272017_08152017_IMG_0068.JPG,27
CAM08C_07272017_08152017_IMG_0070.JPG,27
CAM08C_07272017_08152017_IMG_0072.JPG,27
CAM08C_07272017_08152017_IMG_0091.JPG,27
CAM08C_07272017_08152017_IMG_0092.JPG,27
CAM08C_07272017_08152017_IMG_0093.JPG,27
CAM08C_07272017_08152017_IMG_0100.JPG,27
CAM08C_07272017_08152017_IMG_0101.JPG,27
CAM08C_07272017_08152017_IMG_0102.JPG,27
CAM08C_07272017_08152017_IMG_0103.JPG,27
CAM08C_07272017_08152017_IMG_0104.JPG,27
CAM08D_07272017_08152017_IMG_0007.JPG,17
CAM08D_07272017_08152017_IMG_0008.JPG,17
CAM08D_07272017_08152017_IMG_0009.JPG,17
CAM08D_07272017_08152017_IMG_0010.JPG,17
CAM08D_07272017_08152017_IMG_0011.JPG,17
CAM08D_07272017_08152017_IMG_0012.JPG,17
CAM08D_07272017_08152017_IMG_0013.JPG,17
CAM08D_07272017_08152017_IMG_0014.JPG,17
CAM08D_07272017_08152017_IMG_0015.JPG,17
CAM08D_07272017_08152017_IMG_0016.JPG,17
CAM08D_07272017_08152017_IMG_0017.JPG,17
CAM08D_07272017_08152017_IMG_0018.JPG,17
CAM08D_08152017_10252017_IMG_0010.JPG,13
CAM08D_08152017_10252017_IMG_0011.JPG,13
CAM08D_08152017_10252017_IMG_0012.JPG,13
CAM08D_08152017_10252017_IMG_0013.JPG,17
CAM08D_08152017_10252017_IMG_0014.JPG,17
CAM08D_08152017_10252017_IMG_0015.JPG,17
CAM08D_08152017_10252017_IMG_0016.JPG,17
CAM08D_08152017_10252017_IMG_0017.JPG,17
CAM08D_08152017_10252017_IMG_0018.JPG,17
CAM08D_08152017_10252017_IMG_0019.JPG,17
CAM08D_08152017_10252017_IMG_0020.JPG,17
CAM08D_08152017_10252017_IMG_0021.JPG,17
CAM08D_08152017_10252017_IMG_0022.JPG,17
CAM08D_08152017_10252017_IMG_0023.JPG,17
CAM08D_08152017_10252017_IMG_0024.JPG,2
CAM08D_08152017_10252017_IMG_0025.JPG,27
CAM08D_08152017_10252017_IMG_0026.JPG,27
CAM08D_08152017_10252017_IMG_0027.JPG,27
CAM08D_08152017_10252017_IMG_0029.JPG,10
CAM08D_08152017_10252017_IMG_0030.JPG,10
CAM08D_08152017_10252017_IMG_0031.JPG,10
CAM08D_08152017_10252017_IMG_0032.JPG,10
CAM08D_08152017_10252017_IMG_0033.JPG,10
CAM08D_08152017_10252017_IMG_0034.JPG,10
CAM08D_08152017_10252017_IMG_0035.JPG,10
CAM08D_08152017_10252017_IMG_0036.JPG,10
CAM08D_08152017_10252017_IMG_0037.JPG,10
CAM08D_08152017_10252017_IMG_0038.JPG,10
CAM08D_08152017_10252017_IMG_0039.JPG,2
CAM08D_08152017_10252017_IMG_0040.JPG,10
CAM08D_08152017_10252017_IMG_0041.JPG,10
CAM08D_08152017_10252017_IMG_0042.JPG,10
CAM08D_08152017_10252017_IMG_0043.JPG,10
CAM08D_08152017_10252017_IMG_0044.JPG,10
CAM08D_08152017_10252017_IMG_0045.JPG,10
CAM08D_08152017_10252017_IMG_0046.JPG,10
CAM08D_08152017_10252017_IMG_0047.JPG,10
CAM08D_08152017_10252017_IMG_0048.JPG,10
CAM08D_08152017_10252017_IMG_0049.JPG,10
CAM08D_08152017_10252017_IMG_0052.JPG,10
CAM08D_08152017_10252017_IMG_0053.JPG,10
CAM08D_08152017_10252017_IMG_0054.JPG,10
CAM08D_08152017_10252017_IMG_0055.JPG,17
CAM08D_08152017_10252017_IMG_0056.JPG,17
CAM08D_08152017_10252017_IMG_0057.JPG,17
CAM08D_08152017_10252017_IMG_0058.JPG,17
CAM08D_08152017_10252017_IMG_0059.JPG,17
CAM08D_08152017_10252017_IMG_0060.JPG,17
CAM08D_08152017_10252017_IMG_0061.JPG,17
CAM08D_08152017_10252017_IMG_0062.JPG,17
CAM08D_08152017_10252017_IMG_0063.JPG,17
CAM08D_08152017_10252017_IMG_0068.JPG,17
CAM08D_08152017_10252017_IMG_0069.JPG,17
CAM08D_08152017_10252017_IMG_0070.JPG,17
CAM08D_08152017_10252017_IMG_0071.JPG,17
CAM08D_08152017_10252017_IMG_0072.JPG,17
CAM08D_08152017_10252017_IMG_0073.JPG,21
CAM08D_08152017_10252017_IMG_0074.JPG,21
CAM08D_08152017_10252017_IMG_0075.JPG,21
CAM08D_08152017_10252017_IMG_0076.JPG,17
CAM08D_08152017_10252017_IMG_0077.JPG,17
CAM08D_08152017_10252017_IMG_0078.JPG,17
CAM08D_10252017_12202017_IMG_0010.JPG,26
CAM08D_10252017_12202017_IMG_0011.JPG,26
CAM08D_10252017_12202017_IMG_0012.JPG,26
CAM08D_10252017_12202017_IMG_0013.JPG,17
CAM08D_10252017_12202017_IMG_0014.JPG,17
CAM08D_10252017_12202017_IMG_0015.JPG,17
CAM08D_10252017_12202017_IMG_0016.JPG,4
CAM08D_10252017_12202017_IMG_0017.JPG,4
CAM08D_10252017_12202017_IMG_0018.JPG,4
CAM08D_10252017_12202017_IMG_0019.JPG,10
CAM08D_10252017_12202017_IMG_0020.JPG,10
CAM08D_10252017_12202017_IMG_0021.JPG,10
CAM08D_10252017_12202017_IMG_0022.JPG,10
CAM08D_10252017_12202017_IMG_0023.JPG,10
CAM08D_10252017_12202017_IMG_0024.JPG,10
CAM08D_10252017_12202017_IMG_0025.JPG,10
CAM08D_10252017_12202017_IMG_0026.JPG,10
CAM08D_10252017_12202017_IMG_0027.JPG,10
CAM08D_10252017_12202017_IMG_0028.JPG,10
CAM08D_10252017_12202017_IMG_0029.JPG,10
CAM08D_10252017_12202017_IMG_0030.JPG,10
CAM08D_10252017_12202017_IMG_0031.JPG,10
CAM08D_10252017_12202017_IMG_0032.JPG,10
CAM08D_10252017_12202017_IMG_0033.JPG,10
CAM08D_10252017_12202017_IMG_0034.JPG,10
CAM08D_10252017_12202017_IMG_0035.JPG,10
CAM08D_10252017_12202017_IMG_0036.JPG,10
CAM08D_10252017_12202017_IMG_0037.JPG,10
CAM08D_10252017_12202017_IMG_0038.JPG,10
CAM08D_10252017_12202017_IMG_0039.JPG,10
CAM08D_10252017_12202017_IMG_0041.JPG,10
CAM08D_10252017_12202017_IMG_0042.JPG,10
CAM08D_10252017_12202017_IMG_0043.JPG,10
CAM08D_10252017_12202017_IMG_0044.JPG,10
CAM08D_10252017_12202017_IMG_0045.JPG,10
CAM08D_10252017_12202017_IMG_0046.JPG,10
CAM08D_10252017_12202017_IMG_0047.JPG,10
CAM08D_10252017_12202017_IMG_0048.JPG,10
CAM08D_10252017_12202017_IMG_0049.JPG,12
CAM08D_10252017_12202017_IMG_0050.JPG,12
CAM08D_10252017_12202017_IMG_0051.JPG,12
CAM08D_10252017_12202017_IMG_0052.JPG,4
CAM08D_10252017_12202017_IMG_0053.JPG,4
CAM08D_10252017_12202017_IMG_0054.JPG,4
CAM08D_10252017_12202017_IMG_0055.JPG,12
CAM08D_10252017_12202017_IMG_0056.JPG,12
CAM08D_10252017_12202017_IMG_0057.JPG,12
CAM08D_10252017_12202017_IMG_0058.JPG,12
CAM08D_10252017_12202017_IMG_0059.JPG,12
CAM08D_10252017_12202017_IMG_0060.JPG,12
CAM08D_10252017_12202017_IMG_0061.JPG,12
CAM08D_10252017_12202017_IMG_0062.JPG,12
CAM08D_10252017_12202017_IMG_0063.JPG,12
CAM08E_08152017_10252017_IMG_0041.JPG,2
CAM08E_08152017_10252017_IMG_0042.JPG,2
CAM08E_08152017_10252017_IMG_0043.JPG,2
CAM08E_08152017_10252017_IMG_0044.JPG,2
CAM08E_08152017_10252017_IMG_0045.JPG,2
CAM08E_08152017_10252017_IMG_0046.JPG,2
CAM08E_08152017_10252017_IMG_0047.JPG,2
CAM08E_08152017_10252017_IMG_0048.JPG,2
CAM08E_08152017_10252017_IMG_0049.JPG,2
CAM08E_08152017_10252017_IMG_0050.JPG,2
CAM08E_08152017_10252017_IMG_0051.JPG,2
CAM08E_08152017_10252017_IMG_0052.JPG,2
CAM08E_08152017_10252017_IMG_0053.JPG,2
CAM08E_08152017_10252017_IMG_0054.JPG,2
CAM08E_08152017_10252017_IMG_0055.JPG,2
CAM08E_08152017_10252017_IMG_0056.JPG,2
CAM08E_08152017_10252017_IMG_0057.JPG,2
CAM08E_08152017_10252017_IMG_0058.JPG,2
CAM08E_08152017_10252017_IMG_0059.JPG,2
CAM08E_08152017_10252017_IMG_0060.JPG,2
CAM08E_08152017_10252017_IMG_0061.JPG,2
CAM08E_08152017_10252017_IMG_0062.JPG,2
CAM08E_08152017_10252017_IMG_0063.JPG,2
CAM08E_08152017_10252017_IMG_0064.JPG,2
CAM08E_08152017_10252017_IMG_0067.JPG,2
CAM08E_08152017_10252017_IMG_0068.JPG,2
CAM08E_08152017_10252017_IMG_0069.JPG,2
CAM08E_08152017_10252017_IMG_0070.JPG,2
CAM08E_08152017_10252017_IMG_0071.JPG,2
CAM08E_08152017_10252017_IMG_0072.JPG,2
CAM08E_08152017_10252017_IMG_0073.JPG,2
CAM08E_08152017_10252017_IMG_0075.JPG,2
CAM08E_08152017_10252017_IMG_0076.JPG,2
CAM08E_08152017_10252017_IMG_0077.JPG,2
CAM08E_08152017_10252017_IMG_0078.JPG,2
CAM08E_08152017_10252017_IMG_0079.JPG,2
CAM08E_08152017_10252017_IMG_0080.JPG,2
CAM08E_08152017_10252017_IMG_0081.JPG,2
CAM08E_08152017_10252017_IMG_0082.JPG,2
CAM08E_08152017_10252017_IMG_0083.JPG,2
CAM08E_08152017_10252017_IMG_0084.JPG,2
CAM08E_08152017_10252017_IMG_0085.JPG,2
CAM08E_08152017_10252017_IMG_0086.JPG,2
CAM08E_08152017_10252017_IMG_0087.JPG,2
CAM08E_08152017_10252017_IMG_0088.JPG,2
CAM08E_08152017_10252017_IMG_0089.JPG,2
CAM08E_08152017_10252017_IMG_0090.JPG,2
CAM08E_08152017_10252017_IMG_0091.JPG,2
CAM08E_08152017_10252017_IMG_0092.JPG,2
CAM08E_08152017_10252017_IMG_0093.JPG,2
CAM08E_08152017_10252017_IMG_0097.JPG,2
CAM08E_08152017_10252017_IMG_0098.JPG,2
CAM08E_08152017_10252017_IMG_0099.JPG,2
CAM08E_08152017_10252017_IMG_0100.JPG,2
CAM08E_08152017_10252017_IMG_0101.JPG,2
CAM08E_08152017_10252017_IMG_0102.JPG,2
CAM08E_08152017_10252017_IMG_0103.JPG,2
CAM08E_08152017_10252017_IMG_0104.JPG,2
CAM08E_08152017_10252017_IMG_0105.JPG,2
CAM08E_08152017_10252017_IMG_0106.JPG,2
CAM08E_08152017_10252017_IMG_0107.JPG,2
CAM08E_08152017_10252017_IMG_0108.JPG,2
CAM08E_08152017_10252017_IMG_0109.JPG,2
CAM08E_08152017_10252017_IMG_0110.JPG,2
CAM08E_08152017_10252017_IMG_0111.JPG,2
CAM08E_08152017_10252017_IMG_0112.JPG,2
CAM08E_08152017_10252017_IMG_0115.JPG,2
CAM08E_08152017_10252017_IMG_0116.JPG,2
CAM08E_08152017_10252017_IMG_0117.JPG,2
CAM08E_08152017_10252017_IMG_0118.JPG,2
CAM08E_08152017_10252017_IMG_0119.JPG,2
CAM08E_08152017_10252017_IMG_0120.JPG,2
CAM08E_08152017_10252017_IMG_0121.JPG,2
CAM08E_08152017_10252017_IMG_0122.JPG,2
CAM08E_08152017_10252017_IMG_0123.JPG,2
CAM08E_08152017_10252017_IMG_0124.JPG,2
CAM08E_08152017_10252017_IMG_0125.JPG,2
CAM08E_08152017_10252017_IMG_0126.JPG,2
CAM08E_08152017_10252017_IMG_0127.JPG,2
CAM08E_08152017_10252017_IMG_0128.JPG,2
CAM08E_08152017_10252017_IMG_0129.JPG,2
CAM08E_08152017_10252017_IMG_0130.JPG,2
CAM08E_08152017_10252017_IMG_0131.JPG,2
CAM08E_08152017_10252017_IMG_0132.JPG,2
CAM08E_08152017_10252017_IMG_0133.JPG,2
CAM08E_08152017_10252017_IMG_0134.JPG,2
CAM08E_08152017_10252017_IMG_0135.JPG,2
CAM08E_08152017_10252017_IMG_0136.JPG,2
CAM08E_08152017_10252017_IMG_0137.JPG,2
CAM08E_08152017_10252017_IMG_0138.JPG,2
CAM08E_08152017_10252017_IMG_0139.JPG,2
CAM08E_08152017_10252017_IMG_0140.JPG,2
CAM08E_08152017_10252017_IMG_0141.JPG,2
CAM08E_08152017_10252017_IMG_0142.JPG,2
CAM08E_08152017_10252017_IMG_0143.JPG,2
CAM08E_08152017_10252017_IMG_0144.JPG,2
CAM08E_08152017_10252017_IMG_0145.JPG,2
CAM08E_08152017_10252017_IMG_0146.JPG,2
CAM08E_08152017_10252017_IMG_0147.JPG,2
CAM08E_08152017_10252017_IMG_0148.JPG,2
CAM08E_08152017_10252017_IMG_0149.JPG,2
CAM08E_08152017_10252017_IMG_0150.JPG,2
CAM08E_08152017_10252017_IMG_0151.JPG,2
CAM08E_08152017_10252017_IMG_0152.JPG,2
CAM08E_08152017_10252017_IMG_0153.JPG,2
CAM08E_08152017_10252017_IMG_0154.JPG,2
CAM08E_08152017_10252017_IMG_0155.JPG,2
CAM08E_08152017_10252017_IMG_0156.JPG,2
CAM08E_08152017_10252017_IMG_0157.JPG,2
CAM08E_08152017_10252017_IMG_0158.JPG,2
CAM08E_08152017_10252017_IMG_0159.JPG,2
CAM08E_08152017_10252017_IMG_0160.JPG,2
CAM08E_08152017_10252017_IMG_0161.JPG,2
CAM08E_08152017_10252017_IMG_0162.JPG,2
CAM08E_08152017_10252017_IMG_0163.JPG,2
CAM08E_08152017_10252017_IMG_0164.JPG,2
CAM08E_08152017_10252017_IMG_0165.JPG,2
CAM08E_08152017_10252017_IMG_0166.JPG,2
CAM08E_08152017_10252017_IMG_0167.JPG,2
CAM08E_08152017_10252017_IMG_0168.JPG,2
CAM08E_08152017_10252017_IMG_0169.JPG,2
CAM08E_08152017_10252017_IMG_0170.JPG,2
CAM08E_08152017_10252017_IMG_0171.JPG,2
CAM08E_08152017_10252017_IMG_0172.JPG,2
CAM08E_08152017_10252017_IMG_0173.JPG,2
CAM08E_08152017_10252017_IMG_0174.JPG,2
CAM08E_08152017_10252017_IMG_0175.JPG,2
CAM08E_08152017_10252017_IMG_0178.JPG,2
CAM08E_08152017_10252017_IMG_0179.JPG,2
CAM08E_08152017_10252017_IMG_0180.JPG,2
CAM08E_08152017_10252017_IMG_0181.JPG,2
CAM08E_08152017_10252017_IMG_0182.JPG,2
CAM08E_08152017_10252017_IMG_0183.JPG,2
CAM08E_08152017_10252017_IMG_0184.JPG,2
CAM08E_08152017_10252017_IMG_0185.JPG,2
CAM08E_08152017_10252017_IMG_0186.JPG,2
CAM08E_08152017_10252017_IMG_0205.JPG,2
CAM08E_08152017_10252017_IMG_0206.JPG,2
CAM08E_08152017_10252017_IMG_0207.JPG,2
CAM08E_08152017_10252017_IMG_0208.JPG,2
CAM08E_08152017_10252017_IMG_0209.JPG,2
CAM08E_08152017_10252017_IMG_0210.JPG,2
CAM08E_08152017_10252017_IMG_0211.JPG,2
CAM08E_08152017_10252017_IMG_0214.JPG,2
CAM08E_08152017_10252017_IMG_0215.JPG,2
CAM08E_08152017_10252017_IMG_0216.JPG,2
CAM08E_08152017_10252017_IMG_0232.JPG,2
CAM08E_08152017_10252017_IMG_0233.JPG,2
CAM08E_08152017_10252017_IMG_0234.JPG,2
CAM08E_08152017_10252017_IMG_0235.JPG,2
CAM08E_08152017_10252017_IMG_0236.JPG,2
CAM08E_08152017_10252017_IMG_0237.JPG,2
CAM08E_08152017_10252017_IMG_0238.JPG,2
CAM08E_08152017_10252017_IMG_0244.JPG,2
CAM08E_08152017_10252017_IMG_0245.JPG,2
CAM08E_08152017_10252017_IMG_0246.JPG,2
CAM08E_08152017_10252017_IMG_0247.JPG,2
CAM08E_08152017_10252017_IMG_0248.JPG,2
CAM08E_08152017_10252017_IMG_0249.JPG,2
CAM08E_08152017_10252017_IMG_0253.JPG,2
CAM08E_08152017_10252017_IMG_0254.JPG,2
CAM08E_08152017_10252017_IMG_0255.JPG,2
CAM08E_08152017_10252017_IMG_0256.JPG,2
CAM08E_08152017_10252017_IMG_0257.JPG,2
CAM08E_08152017_10252017_IMG_0258.JPG,2
CAM08E_08152017_10252017_IMG_0259.JPG,2
CAM08E_08152017_10252017_IMG_0260.JPG,2
CAM08E_08152017_10252017_IMG_0261.JPG,2
CAM08E_08152017_10252017_IMG_0262.JPG,2
CAM08E_08152017_10252017_IMG_0263.JPG,2
CAM08E_08152017_10252017_IMG_0265.JPG,2
CAM08E_08152017_10252017_IMG_0266.JPG,2
CAM08E_08152017_10252017_IMG_0267.JPG,2
CAM08E_08152017_10252017_IMG_0271.JPG,2
CAM08E_08152017_10252017_IMG_0272.JPG,2
CAM08E_08152017_10252017_IMG_0274.JPG,2
CAM08E_08152017_10252017_IMG_0275.JPG,2
CAM08E_08152017_10252017_IMG_0276.JPG,2
CAM08E_08152017_10252017_IMG_0277.JPG,2
CAM08E_08152017_10252017_IMG_0278.JPG,2
CAM08E_08152017_10252017_IMG_0279.JPG,2
CAM08E_08152017_10252017_IMG_0280.JPG,2
CAM08E_08152017_10252017_IMG_0281.JPG,2
CAM08E_08152017_10252017_IMG_0282.JPG,2
CAM08E_08152017_10252017_IMG_0283.JPG,2
CAM08E_08152017_10252017_IMG_0284.JPG,2
CAM08E_08152017_10252017_IMG_0285.JPG,2
CAM08E_08152017_10252017_IMG_0286.JPG,2
CAM08E_08152017_10252017_IMG_0289.JPG,2
CAM08E_08152017_10252017_IMG_0290.JPG,2
CAM08E_08152017_10252017_IMG_0291.JPG,2
CAM08E_08152017_10252017_IMG_0292.JPG,2
CAM08E_08152017_10252017_IMG_0293.JPG,2
CAM08E_08152017_10252017_IMG_0294.JPG,2
CAM08E_08152017_10252017_IMG_0295.JPG,2
CAM08E_08152017_10252017_IMG_0296.JPG,2
CAM08E_08152017_10252017_IMG_0297.JPG,2
CAM08E_10252017_12202017_IMG_0034.JPG,17
CAM08E_10252017_12202017_IMG_0035.JPG,17
CAM08E_10252017_12202017_IMG_0036.JPG,17
CAM08E_10252017_12202017_IMG_0037.JPG,10
CAM08E_10252017_12202017_IMG_0038.JPG,10
CAM08E_10252017_12202017_IMG_0039.JPG,10
CAM08E_10252017_12202017_IMG_0040.JPG,10
CAM08E_10252017_12202017_IMG_0041.JPG,10
CAM08E_10252017_12202017_IMG_0042.JPG,10
CAM08E_10252017_12202017_IMG_0043.JPG,10
CAM08E_10252017_12202017_IMG_0045.JPG,10
CAM08E_10252017_12202017_IMG_0046.JPG,10
CAM08E_10252017_12202017_IMG_0047.JPG,10
CAM08E_10252017_12202017_IMG_0048.JPG,10
CAM08E_10252017_12202017_IMG_0049.JPG,17
CAM08E_10252017_12202017_IMG_0050.JPG,17
CAM08E_10252017_12202017_IMG_0051.JPG,17
CAM08E_10252017_12202017_IMG_0052.JPG,17
CAM08E_10252017_12202017_IMG_0053.JPG,17
CAM08E_10252017_12202017_IMG_0054.JPG,17
CAM08F_08152017_10252017_IMG_0109.JPG,14
CAM08F_08152017_10252017_IMG_0110.JPG,14
CAM08F_08152017_10252017_IMG_0112.JPG,14
CAM08F_08152017_10252017_IMG_0113.JPG,14
CAM08F_08152017_10252017_IMG_0114.JPG,14
CAM08F_08152017_10252017_IMG_0133.JPG,1
CAM08F_08152017_10252017_IMG_0134.JPG,1
CAM08F_08152017_10252017_IMG_0135.JPG,1
CAM08F_08152017_10252017_IMG_0136.JPG,1
CAM08F_08152017_10252017_IMG_0139.JPG,1
CAM08F_08152017_10252017_IMG_0140.JPG,1
CAM08F_08152017_10252017_IMG_0141.JPG,1
CAM08F_08152017_10252017_IMG_0163.JPG,1
CAM08F_08152017_10252017_IMG_0164.JPG,1
CAM08F_08152017_10252017_IMG_0165.JPG,1
CAM08F_08152017_10252017_IMG_0172.JPG,1
CAM08F_08152017_10252017_IMG_0173.JPG,1
CAM08F_08152017_10252017_IMG_0174.JPG,1
CAM08F_08152017_10252017_IMG_0175.JPG,1
CAM08F_08152017_10252017_IMG_0184.JPG,19
CAM08F_08152017_10252017_IMG_0185.JPG,19
CAM08F_08152017_10252017_IMG_0186.JPG,19
CAM08F_08152017_10252017_IMG_0190.JPG,27
CAM08F_08152017_10252017_IMG_0191.JPG,27
CAM08F_08152017_10252017_IMG_0208.JPG,19
CAM08F_08152017_10252017_IMG_0209.JPG,19
CAM08F_08152017_10252017_IMG_0210.JPG,19
CAM08F_08152017_10252017_IMG_0211.JPG,10
CAM08F_08152017_10252017_IMG_0212.JPG,10
CAM08F_08152017_10252017_IMG_0213.JPG,10
CAM08F_08152017_10252017_IMG_0214.JPG,10
CAM08F_08152017_10252017_IMG_0215.JPG,10
CAM08F_08152017_10252017_IMG_0216.JPG,10
CAM08F_08152017_10252017_IMG_0217.JPG,10
CAM08F_08152017_10252017_IMG_0218.JPG,10
CAM08F_08152017_10252017_IMG_0219.JPG,10
CAM08F_08152017_10252017_IMG_0238.JPG,10
CAM08F_08152017_10252017_IMG_0239.JPG,10
CAM08F_08152017_10252017_IMG_0240.JPG,10
CAM08F_08152017_10252017_IMG_0241.JPG,10
CAM08F_08152017_10252017_IMG_0242.JPG,10
CAM08F_08152017_10252017_IMG_0243.JPG,10
CAM08F_08152017_10252017_IMG_0244.JPG,10
CAM08F_08152017_10252017_IMG_0245.JPG,10
CAM08F_08152017_10252017_IMG_0247.JPG,10
CAM08F_08152017_10252017_IMG_0248.JPG,10
CAM08F_08152017_10252017_IMG_0249.JPG,10
CAM08F_08152017_10252017_IMG_0250.JPG,10
CAM08F_08152017_10252017_IMG_0259.JPG,17
CAM08F_08152017_10252017_IMG_0260.JPG,17
CAM08F_08152017_10252017_IMG_0261.JPG,17
CAM08F_08152017_10252017_IMG_0262.JPG,17
CAM08F_08152017_10252017_IMG_0265.JPG,21
CAM08F_08152017_10252017_IMG_0266.JPG,21
CAM08F_08152017_10252017_IMG_0267.JPG,21
CAM08F_08152017_10252017_IMG_0268.JPG,21
CAM08F_08152017_10252017_IMG_0269.JPG,21
CAM08F_08152017_10252017_IMG_0270.JPG,21
CAM08F_08152017_10252017_IMG_0271.JPG,21
CAM08F_08152017_10252017_IMG_0272.JPG,21
CAM08F_08152017_10252017_IMG_0273.JPG,21
CAM08F_08152017_10252017_IMG_0274.JPG,21
CAM08F_10252017_12202017_IMG_0190.JPG,21
CAM08F_10252017_12202017_IMG_0191.JPG,21
CAM08F_10252017_12202017_IMG_0193.JPG,12
CAM08F_10252017_12202017_IMG_0194.JPG,12
CAM08F_10252017_12202017_IMG_0196.JPG,26
CAM08F_10252017_12202017_IMG_0197.JPG,26
CAM08F_10252017_12202017_IMG_0198.JPG,26
CAM08F_10252017_12202017_IMG_0199.JPG,12
CAM08F_10252017_12202017_IMG_0200.JPG,12
CAM08F_10252017_12202017_IMG_0201.JPG,12
CAM08F_10252017_12202017_IMG_0202.JPG,12
CAM08F_10252017_12202017_IMG_0203.JPG,12
CAM08F_10252017_12202017_IMG_0205.JPG,12
CAM08F_10252017_12202017_IMG_0206.JPG,12
CAM08F_10252017_12202017_IMG_0207.JPG,12
CAM08F_10252017_12202017_IMG_0208.JPG,10
CAM08F_10252017_12202017_IMG_0209.JPG,10
CAM08F_10252017_12202017_IMG_0210.JPG,10
CAM08F_10252017_12202017_IMG_0211.JPG,10
CAM08F_10252017_12202017_IMG_0212.JPG,10
CAM08F_10252017_12202017_IMG_0213.JPG,10
CAM08F_10252017_12202017_IMG_0214.JPG,10
CAM08F_10252017_12202017_IMG_0215.JPG,10
CAM08F_10252017_12202017_IMG_0216.JPG,10
CAM08F_10252017_12202017_IMG_0217.JPG,10
CAM08F_10252017_12202017_IMG_0218.JPG,10
CAM08F_10252017_12202017_IMG_0219.JPG,10
CAM08F_10252017_12202017_IMG_0220.JPG,10
CAM08F_10252017_12202017_IMG_0221.JPG,10
CAM08F_10252017_12202017_IMG_0222.JPG,10
CAM08F_10252017_12202017_IMG_0223.JPG,10
CAM08F_10252017_12202017_IMG_0224.JPG,10
CAM08F_10252017_12202017_IMG_0225.JPG,10
CAM08F_10252017_12202017_IMG_0226.JPG,10
CAM08F_10252017_12202017_IMG_0227.JPG,10
CAM08F_10252017_12202017_IMG_0228.JPG,10
CAM08F_10252017_12202017_IMG_0229.JPG,10
CAM08F_10252017_12202017_IMG_0230.JPG,10
CAM08F_10252017_12202017_IMG_0231.JPG,10
CAM08F_10252017_12202017_IMG_0232.JPG,10
CAM08F_10252017_12202017_IMG_0233.JPG,10
CAM08F_10252017_12202017_IMG_0234.JPG,10
CAM08F_10252017_12202017_IMG_0235.JPG,10
CAM08F_10252017_12202017_IMG_0236.JPG,10
CAM08F_10252017_12202017_IMG_0237.JPG,10
CAM08F_10252017_12202017_IMG_0238.JPG,10
CAM08F_10252017_12202017_IMG_0239.JPG,10
CAM08F_10252017_12202017_IMG_0240.JPG,10
CAM08F_10252017_12202017_IMG_0244.JPG,10
CAM08F_10252017_12202017_IMG_0245.JPG,10
CAM08F_10252017_12202017_IMG_0246.JPG,10
CAM08F_10252017_12202017_IMG_0247.JPG,12
CAM08F_10252017_12202017_IMG_0250.JPG,4
CAM08F_10252017_12202017_IMG_0251.JPG,4
CAM08F_10252017_12202017_IMG_0252.JPG,4
CAM08F_10252017_12202017_IMG_0253.JPG,4
CAM08F_10252017_12202017_IMG_0254.JPG,4
CAM08F_10252017_12202017_IMG_0255.JPG,4
CAM08F_10252017_12202017_IMG_0256.JPG,4
CAM08F_10252017_12202017_IMG_0257.JPG,4
CAM08F_10252017_12202017_IMG_0258.JPG,4
CAM08F_10252017_12202017_IMG_0259.JPG,4
CAM08F_10252017_12202017_IMG_0262.JPG,4
CAM08F_10252017_12202017_IMG_0263.JPG,4
CAM08F_10252017_12202017_IMG_0264.JPG,4
CAM08F_10252017_12202017_IMG_0265.JPG,4
CAM08F_10252017_12202017_IMG_0266.JPG,4
CAM08F_10252017_12202017_IMG_0267.JPG,4
CAM08F_10252017_12202017_IMG_0268.JPG,4
CAM08F_10252017_12202017_IMG_0269.JPG,4
CAM08F_10252017_12202017_IMG_0271.JPG,4
CAM08F_10252017_12202017_IMG_0274.JPG,12
CAM08F_10252017_12202017_IMG_0275.JPG,12
CAM08F_10252017_12202017_IMG_0276.JPG,12
CAM08F_10252017_12202017_IMG_0277.JPG,12
CAM08F_10252017_12202017_IMG_0283.JPG,4
CAM08F_10252017_12202017_IMG_0284.JPG,4
CAM08F_10252017_12202017_IMG_0285.JPG,4
CAM08F_10252017_12202017_IMG_0286.JPG,4
CAM08F_10252017_12202017_IMG_0287.JPG,4
CAM08F_10252017_12202017_IMG_0288.JPG,4
CAM08F_10252017_12202017_IMG_0289.JPG,4
CAM08F_10252017_12202017_IMG_0290.JPG,4
CAM08F_10252017_12202017_IMG_0291.JPG,4
CAM08F_10252017_12202017_IMG_0292.JPG,4
CAM08F_10252017_12202017_IMG_0293.JPG,4
CAM08F_10252017_12202017_IMG_0294.JPG,4
CAM08F_10252017_12202017_IMG_0295.JPG,4
CAM08F_10252017_12202017_IMG_0298.JPG,4
CAM08F_10252017_12202017_IMG_0299.JPG,4
CAM08F_10252017_12202017_IMG_0300.JPG,4
CAM08F_10252017_12202017_IMG_0301.JPG,4
CAM08F_10252017_12202017_IMG_0302.JPG,4
CAM08F_10252017_12202017_IMG_0303.JPG,4
CAM08F_10252017_12202017_IMG_0304.JPG,4
CAM08F_10252017_12202017_IMG_0305.JPG,4
CAM08F_10252017_12202017_IMG_0307.JPG,4
CAM08F_10252017_12202017_IMG_0310.JPG,12
CAM08F_10252017_12202017_IMG_0311.JPG,12
CAM08F_10252017_12202017_IMG_0312.JPG,12
CAM08F_10252017_12202017_IMG_0313.JPG,12
CAM08F_10252017_12202017_IMG_0314.JPG,12
CAM09A_07272017_08152017IMG_0046.JPG,2
CAM09A_07272017_08152017IMG_0047.JPG,2
CAM09A_07272017_08152017IMG_0048.JPG,2
CAM09A_07272017_08152017IMG_0049.JPG,2
CAM09A_07272017_08152017IMG_0050.JPG,2
CAM09A_07272017_08152017IMG_0051.JPG,2
CAM09A_07272017_08152017IMG_0052.JPG,2
CAM09A_07272017_08152017IMG_0053.JPG,2
CAM09A_07272017_08152017IMG_0054.JPG,2
CAM09A_08152017_10252017_IMG_0016.JPG,21
CAM09A_08152017_10252017_IMG_0017.JPG,21
CAM09A_08152017_10252017_IMG_0018.JPG,21
CAM09A_08152017_10252017_IMG_0019.JPG,21
CAM09A_08152017_10252017_IMG_0020.JPG,21
CAM09A_08152017_10252017_IMG_0021.JPG,21
CAM09A_08152017_10252017_IMG_0022.JPG,21
CAM09A_08152017_10252017_IMG_0023.JPG,21
CAM09A_08152017_10252017_IMG_0024.JPG,21
CAM09A_08152017_10252017_IMG_0025.JPG,21
CAM09A_08152017_10252017_IMG_0031.JPG,21
CAM09A_08152017_10252017_IMG_0032.JPG,21
CAM09A_08152017_10252017_IMG_0033.JPG,21
CAM09A_08152017_10252017_IMG_0034.JPG,21
CAM09A_08152017_10252017_IMG_0035.JPG,21
CAM09A_08152017_10252017_IMG_0036.JPG,21
CAM09A_08152017_10252017_IMG_0037.JPG,21
CAM09A_08152017_10252017_IMG_0038.JPG,21
CAM09A_08152017_10252017_IMG_0051.JPG,21
CAM09A_08152017_10252017_IMG_0052.JPG,21
CAM09A_08152017_10252017_IMG_0056.JPG,21
CAM09A_08152017_10252017_IMG_0061.JPG,21
CAM09A_08152017_10252017_IMG_0062.JPG,21
CAM09A_08152017_10252017_IMG_0063.JPG,21
CAM09A_08152017_10252017_IMG_0066.JPG,21
CAM09A_08152017_10252017_IMG_0067.JPG,21
CAM09A_08152017_10252017_IMG_0068.JPG,21
CAM09A_08152017_10252017_IMG_0071.JPG,21
CAM09A_08152017_10252017_IMG_0072.JPG,21
CAM09A_08152017_10252017_IMG_0073.JPG,21
CAM09A_08152017_10252017_IMG_0074.JPG,21
CAM09A_08152017_10252017_IMG_0075.JPG,21
CAM09A_08152017_10252017_IMG_0086.JPG,21
CAM09A_08152017_10252017_IMG_0087.JPG,21
CAM09A_08152017_10252017_IMG_0088.JPG,21
CAM09A_08152017_10252017_IMG_0091.JPG,23
CAM09A_08152017_10252017_IMG_0092.JPG,23
CAM09A_08152017_10252017_IMG_0093.JPG,23
CAM09A_08152017_10252017_IMG_0094.JPG,23
CAM09A_08152017_10252017_IMG_0095.JPG,23
CAM09A_08152017_10252017_IMG_0101.JPG,21
CAM09A_08152017_10252017_IMG_0102.JPG,21
CAM09A_08152017_10252017_IMG_0103.JPG,21
CAM09A_08152017_10252017_IMG_0104.JPG,21
CAM09A_08152017_10252017_IMG_0105.JPG,21
CAM09A_08152017_10252017_IMG_0106.JPG,21
CAM09A_08152017_10252017_IMG_0107.JPG,21
CAM09A_08152017_10252017_IMG_0108.JPG,21
CAM09A_08152017_10252017_IMG_0109.JPG,21
CAM09A_08152017_10252017_IMG_0110.JPG,21
CAM09A_10252017_12202017_IMG_0046.JPG,21
CAM09A_10252017_12202017_IMG_0047.JPG,21
CAM09A_10252017_12202017_IMG_0048.JPG,21
CAM09A_10252017_12202017_IMG_0056.JPG,21
CAM09A_10252017_12202017_IMG_0057.JPG,21
CAM09A_10252017_12202017_IMG_0058.JPG,21
CAM09A_10252017_12202017_IMG_0059.JPG,21
CAM09A_10252017_12202017_IMG_0060.JPG,21
CAM09A_10252017_12202017_IMG_0061.JPG,21
CAM09A_10252017_12202017_IMG_0062.JPG,21
CAM09A_10252017_12202017_IMG_0066.JPG,21
CAM09A_10252017_12202017_IMG_0067.JPG,21
CAM09A_10252017_12202017_IMG_0068.JPG,21
CAM09A_10252017_12202017_IMG_0069.JPG,21
CAM09A_10252017_12202017_IMG_0070.JPG,21
CAM09A_10252017_12202017_IMG_0071.JPG,21
CAM09A_10252017_12202017_IMG_0077.JPG,21
CAM09A_10252017_12202017_IMG_0078.JPG,21
CAM09A_10252017_12202017_IMG_0079.JPG,21
CAM09A_10252017_12202017_IMG_0080.JPG,21
CAM09A_10252017_12202017_IMG_0081.JPG,21
CAM09A_10252017_12202017_IMG_0082.JPG,21
CAM09A_10252017_12202017_IMG_0083.JPG,21
CAM09A_10252017_12202017_IMG_0084.JPG,21
CAM09A_10252017_12202017_IMG_0085.JPG,2
CAM09A_10252017_12202017_IMG_0086.JPG,21
CAM09A_10252017_12202017_IMG_0087.JPG,21
CAM09A_10252017_12202017_IMG_0088.JPG,21
CAM09A_10252017_12202017_IMG_0089.JPG,21
CAM09A_10252017_12202017_IMG_0090.JPG,21
CAM09A_10252017_12202017_IMG_0091.JPG,21
CAM09A_10252017_12202017_IMG_0092.JPG,21
CAM09A_10252017_12202017_IMG_0093.JPG,21
CAM09A_10252017_12202017_IMG_0094.JPG,21
CAM09A_10252017_12202017_IMG_0095.JPG,21
CAM09A_10252017_12202017_IMG_0096.JPG,21
CAM09A_10252017_12202017_IMG_0097.JPG,21
CAM09A_10252017_12202017_IMG_0098.JPG,21
CAM09A_10252017_12202017_IMG_0099.JPG,21
CAM09A_10252017_12202017_IMG_0100.JPG,21
CAM09A_10252017_12202017_IMG_0101.JPG,21
CAM09A_10252017_12202017_IMG_0102.JPG,21
CAM09B_10252017_12202017_IMG_0049.JPG,2
CAM09B_10252017_12202017_IMG_0050.JPG,2
CAM09B_10252017_12202017_IMG_0051.JPG,2
CAM09B_10252017_12202017_IMG_0052.JPG,10
CAM09B_10252017_12202017_IMG_0053.JPG,10
CAM09B_10252017_12202017_IMG_0054.JPG,10
CAM09B_10252017_12202017_IMG_0055.JPG,10
CAM09B_10252017_12202017_IMG_0056.JPG,10
CAM09B_10252017_12202017_IMG_0057.JPG,10
CAM09B_10252017_12202017_IMG_0058.JPG,10
CAM09B_10252017_12202017_IMG_0059.JPG,10
CAM09B_10252017_12202017_IMG_0060.JPG,10
CAM09B_10252017_12202017_IMG_0061.JPG,10
CAM09B_10252017_12202017_IMG_0062.JPG,10
CAM09B_10252017_12202017_IMG_0063.JPG,10
CAM09B_10252017_12202017_IMG_0064.JPG,10
CAM09B_10252017_12202017_IMG_0065.JPG,10
CAM09B_10252017_12202017_IMG_0066.JPG,10
CAM09B_10252017_12202017_IMG_0067.JPG,10
CAM09B_10252017_12202017_IMG_0068.JPG,10
CAM09B_10252017_12202017_IMG_0069.JPG,10
CAM09B_10252017_12202017_IMG_0070.JPG,10
CAM09B_10252017_12202017_IMG_0071.JPG,10
CAM09B_10252017_12202017_IMG_0072.JPG,10
CAM09B_10252017_12202017_IMG_0073.JPG,10
CAM09B_10252017_12202017_IMG_0074.JPG,10
CAM09B_10252017_12202017_IMG_0075.JPG,10
CAM09B_10252017_12202017_IMG_0076.JPG,10
CAM09B_10252017_12202017_IMG_0077.JPG,10
CAM09B_10252017_12202017_IMG_0078.JPG,10
CAM09B_10252017_12202017_IMG_0079.JPG,10
CAM09B_10252017_12202017_IMG_0080.JPG,10
CAM09B_10252017_12202017_IMG_0081.JPG,10
CAM09B_10252017_12202017_IMG_0082.JPG,10
CAM09B_10252017_12202017_IMG_0083.JPG,10
CAM09B_10252017_12202017_IMG_0084.JPG,10
CAM09B_10252017_12202017_IMG_0085.JPG,10
CAM09B_10252017_12202017_IMG_0086.JPG,10
CAM09B_10252017_12202017_IMG_0087.JPG,10
CAM09B_10252017_12202017_IMG_0088.JPG,10
CAM09B_10252017_12202017_IMG_0091.JPG,10
CAM09B_10252017_12202017_IMG_0092.JPG,10
CAM09B_10252017_12202017_IMG_0093.JPG,10
CAM09B_10252017_12202017_IMG_0094.JPG,10
CAM09B_10252017_12202017_IMG_0095.JPG,10
CAM09B_10252017_12202017_IMG_0096.JPG,10
CAM09B_10252017_12202017_IMG_0097.JPG,10
CAM09B_10252017_12202017_IMG_0098.JPG,10
CAM09B_10252017_12202017_IMG_0099.JPG,10
CAM09B_10252017_12202017_IMG_0100.JPG,10
CAM09B_10252017_12202017_IMG_0101.JPG,10
CAM09B_10252017_12202017_IMG_0102.JPG,10
CAM09B_10252017_12202017_IMG_0103.JPG,10
CAM09B_10252017_12202017_IMG_0104.JPG,10
CAM09B_10252017_12202017_IMG_0105.JPG,10
CAM09B_10252017_12202017_IMG_0106.JPG,10
CAM09B_10252017_12202017_IMG_0107.JPG,10
CAM09B_10252017_12202017_IMG_0108.JPG,10
CAM09B_10252017_12202017_IMG_0109.JPG,10
CAM09B_10252017_12202017_IMG_0110.JPG,10
CAM09B_10252017_12202017_IMG_0111.JPG,10
CAM09B_10252017_12202017_IMG_0112.JPG,10
CAM09B_10252017_12202017_IMG_0113.JPG,10
CAM09B_10252017_12202017_IMG_0114.JPG,10
CAM09C_08152017_10252017_IMG_0088.JPG,1
CAM09C_08152017_10252017_IMG_0089.JPG,1
CAM09C_08152017_10252017_IMG_0090.JPG,1
CAM09C_08152017_10252017_IMG_0091.JPG,1
CAM09C_08152017_10252017_IMG_0092.JPG,1
CAM09C_08152017_10252017_IMG_0093.JPG,1
CAM09C_08152017_10252017_IMG_0094.JPG,1
CAM09C_08152017_10252017_IMG_0095.JPG,1
CAM09C_08152017_10252017_IMG_0096.JPG,1
CAM09C_08152017_10252017_IMG_0097.JPG,1