EK000002.JPG,test,42.40286,-71.185053
EK000003.JPG,test,42.40286,-71.185053
EK000004.JPG,test,42.40286,-71.185053
EK000005.JPG,test,42.40286,-71.185053
EK000006.JPG,test,42.40286,-71.185053
EK000007.JPG,test,42.40286,-71.185053
EK000008.JPG,test,42.40286,-71.185053
EK000009.JPG,test,42.40286,-71.185053
EK000010.JPG,test,42.40286,-71.185053
EK000011.JPG,test,42.40286,-71.185053
EK000012.JPG,test,42.40286,-71.185053
EK000013.JPG,test,42.40286,-71.185053
EK000014.JPG,test,42.40286,-71.185053
EK000015.JPG,test,42.40286,-71.185053
EK000016.JPG,test,42.40286,-71.185053
EK000017.JPG,test,42.40286,-71.185053
EK000018.JPG,test,42.40286,-71.185053
EK000019.JPG,test,42.40286,-71.185053
EK000020.JPG,test,42.40286,-71.185053
EK000021.JPG,test,42.40286,-71.185053
EK000022.JPG,test,42.40286,-71.185053
EK000023.JPG,test,42.40286,-71.185053
EK000024.JPG,test,42.40286,-71.185053
EK000025.JPG,test,42.40286,-71.185053
EK000026.JPG,test,42.40286,-71.185053
EK000027.JPG,test,42.40286,-71.185053
EK000028.JPG,test,42.40286,-71.185053
EK000029.JPG,test,42.40286,-71.185053
EK000030.JPG,test,42.40286,-71.185053
EK000031.JPG,test,42.40286,-71.185053
EK000032.JPG,test,42.40286,-71.185053
EK000033.JPG,test,42.40286,-71.185053
EK000034.JPG,test,42.40286,-71.185053
EK000035.JPG,test,42.40286,-71.185053
EK000036.JPG,test,42.40286,-71.185053
EK000037.JPG,test,42.40286,-71.185053
EK000038.JPG,test,42.40286,-71.185053
EK000039.JPG,test,42.40286,-71.185053
EK000040.JPG,test,42.40286,-71.185053
EK000041.JPG,test,42.40286,-71.185053
EK000042.JPG,test,42.40286,-71.185053
EK000043.JPG,test,42.40286,-71.185053
EK000044.JPG,test,42.40286,-71.185053
EK000045.JPG,test,42.40286,-71.185053
EK000046.JPG,test,42.40286,-71.185053
EK000047.JPG,test,42.40286,-71.185053
EK000048.JPG,test,42.40286,-71.185053
EK000049.JPG,test,42.40286,-71.185053
EK000050.JPG,test,42.40286,-71.185053
EK000051.JPG,test,42.40286,-71.185053
EK000052.JPG,test,42.40286,-71.185053
EK000053.JPG,test,42.40286,-71.185053
EK000054.JPG,test,42.40286,-71.185053
EK000055.JPG,test,42.40286,-71.185053
EK000056.JPG,test,42.40286,-71.185053
EK000057.JPG,test,42.40286,-71.185053
EK000058.JPG,test,42.40286,-71.185053
EK000059.JPG,test,42.40286,-71.185053
EK000060.JPG,test,42.40286,-71.185053
EK000061.JPG,test,42.40286,-71.185053
EK000062.JPG,test,42.40286,-71.185053
EK000063.JPG,test,42.40286,-71.185053
EK000064.JPG,test,42.40286,-71.185053
EK000065.JPG,test,42.40286,-71.185053
EK000066.JPG,test,42.40286,-71.185053
EK000067.JPG,test,42.40286,-71.185053
EK000068.JPG,test,42.40286,-71.185053
EK000069.JPG,test,42.40286,-71.185053
EK000070.JPG,test,42.40286,-71.185053
EK000071.JPG,test,42.40286,-71.185053
EK000072.JPG,test,42.40286,-71.185053
EK000073.JPG,test,42.40286,-71.185053
EK000074.JPG,test,42.40286,-71.185053
EK000075.JPG,test,42.40286,-71.185053
EK000076.JPG,test,42.40286,-71.185053
EK000077.JPG,test,42.40286,-71.185053
EK000078.JPG,test,42.40286,-71.185053
EK000079.JPG,test,42.40286,-71.185053
EK000080.JPG,test,42.40286,-71.185053
EK000081.JPG,test,42.40286,-71.185053
EK000082.JPG,test,42.40286,-71.185053
EK000083.JPG,test,42.40286,-71.185053
EK000084.JPG,test,42.40286,-71.185053
EK000085.JPG,test,42.40286,-71.185053
EK000086.JPG,test,42.40286,-71.185053
EK000087.JPG,test,42.40286,-71.185053
EK000088.JPG,test,42.40286,-71.185053
EK000089.JPG,test,42.40286,-71.185053
EK000090.JPG,test,42.40286,-71.185053
EK000091.JPG,test,42.40286,-71.185053
EK000092.JPG,test,42.40286,-71.185053
EK000093.JPG,test,42.40286,-71.185053
EK000094.JPG,test,42.40286,-71.185053
EK000095.JPG,test,42.40286,-71.185053
EK000096.JPG,test,42.40286,-71.185053
EK000097.JPG,test,42.40286,-71.185053
EK000098.JPG,test,42.40286,-71.185053
EK000099.JPG,test,42.40286,-71.185053
EK000100.JPG,test,42.40286,-71.185053
EK000101.JPG,test,42.40286,-71.185053
EK000102.JPG,test,42.40286,-71.185053
EK000103.JPG,test,42.40286,-71.185053
EK000104.JPG,test,42.40286,-71.185053
EK000105.JPG,test,42.40286,-71.185053
EK000106.JPG,test,42.40286,-71.185053
EK000107.JPG,test,42.40286,-71.185053
EK000108.JPG,test,42.40286,-71.185053
EK000109.JPG,test,42.40286,-71.185053
EK000110.JPG,test,42.40286,-71.185053
EK000111.JPG,test,42.40286,-71.185053
EK000112.JPG,test,42.40286,-71.185053
EK000113.JPG,test,42.40286,-71.185053
EK000114.JPG,test,42.40286,-71.185053
EK000115.JPG,test,42.40286,-71.185053
EK000116.JPG,test,42.40286,-71.185053
EK000117.JPG,test,42.40286,-71.185053
EK000118.JPG,test,42.40286,-71.185053
EK000119.JPG,test,42.40286,-71.185053
EK000120.JPG,test,42.40286,-71.185053
EK000121.JPG,test,42.40286,-71.185053
EK000122.JPG,test,42.40286,-71.185053
EK000123.JPG,test,42.40286,-71.185053
EK000124.JPG,test,42.40286,-71.185053
EK000125.JPG,test,42.40286,-71.185053
EK000126.JPG,test,42.40286,-71.185053
EK000127.JPG,test,42.40286,-71.185053
EK000128.JPG,test,42.40286,-71.185053
EK000129.JPG,test,42.40286,-71.185053
EK000130.JPG,test,42.40286,-71.185053
EK000160.JPG,test,42.40286,-71.185053
EK000161.JPG,test,42.40286,-71.185053
EK000162.JPG,test,42.40286,-71.185053
EK000163.JPG,test,42.40286,-71.185053
EK000164.JPG,test,42.40286,-71.185053
EK000165.JPG,test,42.40286,-71.185053
EK000166.JPG,test,42.40286,-71.185053
EK000167.JPG,test,42.40286,-71.185053
EK000168.JPG,test,42.40286,-71.185053
EK000169.JPG,test,42.40286,-71.185053
EK000170.JPG,test,42.40286,-71.185053
EK000171.JPG,test,42.40286,-71.185053
EK000172.JPG,test,42.40286,-71.185053
EK000173.JPG,test,42.40286,-71.185053
EK000174.JPG,test,42.40286,-71.185053
EK000175.JPG,test,42.40286,-71.185053
EK000176.JPG,test,42.40286,-71.185053
EK000177.JPG,test,42.40286,-71.185053
EK000178.JPG,test,42.40286,-71.185053