IMG_0160.JPG,41.801757,-72.684274
IMG_0161.JPG,41.801757,-72.684274
IMG_0162.JPG,41.801757,-72.684274
IMG_0163.JPG,41.801757,-72.684274
IMG_0164.JPG,41.801757,-72.684274
IMG_0165.JPG,41.801757,-72.684274
IMG_0166.JPG,41.801757,-72.684274
IMG_0167.JPG,41.801757,-72.684274
IMG_0168.JPG,41.801757,-72.684274
IMG_0169.JPG,41.801757,-72.684274
IMG_0170.JPG,41.801757,-72.684274
IMG_0171.JPG,41.801757,-72.684274
IMG_0172.JPG,41.801757,-72.684274
IMG_0173.JPG,41.801757,-72.684274
IMG_0174.JPG,41.801757,-72.684274
IMG_0175.JPG,41.801757,-72.684274
IMG_0176.JPG,41.801757,-72.684274
IMG_0177.JPG,41.801757,-72.684274
IMG_0178.JPG,41.801757,-72.684274
IMG_0179.JPG,41.801757,-72.684274
IMG_0180.JPG,41.801757,-72.684274
IMG_0181.JPG,41.801757,-72.684274
IMG_0182.JPG,41.801757,-72.684274
IMG_0183.JPG,41.801757,-72.684274
IMG_0184.JPG,41.801757,-72.684274
IMG_0185.JPG,41.801757,-72.684274
IMG_0186.JPG,41.801757,-72.684274
IMG_0187.JPG,41.801757,-72.684274
IMG_0188.JPG,41.801757,-72.684274
IMG_0189.JPG,41.801757,-72.684274
IMG_0190.JPG,41.801757,-72.684274
IMG_0191.JPG,41.801757,-72.684274
IMG_0192.JPG,41.801757,-72.684274
IMG_0193.JPG,41.801757,-72.684274
IMG_0194.JPG,41.801757,-72.684274
IMG_0195.JPG,41.801757,-72.684274
IMG_0196.JPG,41.801757,-72.684274
IMG_0197.JPG,41.801757,-72.684274
IMG_0198.JPG,41.801757,-72.684274
IMG_0199.JPG,41.801757,-72.684274
IMG_0200.JPG,41.801757,-72.684274
IMG_0201.JPG,41.801757,-72.684274
IMG_0202.JPG,41.801757,-72.684274
IMG_0203.JPG,41.801757,-72.684274
IMG_0204.JPG,41.801757,-72.684274
IMG_0205.JPG,41.801757,-72.684274
IMG_0206.JPG,41.801757,-72.684274
IMG_0207.JPG,41.801757,-72.684274
IMG_0208.JPG,41.801757,-72.684274
IMG_0209.JPG,41.801757,-72.684274
IMG_0210.JPG,41.801757,-72.684274
IMG_0211.JPG,41.801757,-72.684274
IMG_0212.JPG,41.801757,-72.684274
IMG_0213.JPG,41.801757,-72.684274
IMG_0214.JPG,41.801757,-72.684274
IMG_0215.JPG,41.801757,-72.684274
IMG_0216.JPG,41.801757,-72.684274
IMG_0217.JPG,41.801757,-72.684274
IMG_0218.JPG,41.801757,-72.684274
IMG_0219.JPG,41.801757,-72.684274
IMG_0220.JPG,41.801757,-72.684274
IMG_0221.JPG,41.801757,-72.684274
IMG_0222.JPG,41.801757,-72.684274
IMG_0223.JPG,41.801757,-72.684274
IMG_0224.JPG,41.801757,-72.684274
IMG_0225.JPG,41.801757,-72.684274
IMG_0226.JPG,41.801757,-72.684274
IMG_0227.JPG,41.801757,-72.684274
IMG_0228.JPG,41.801757,-72.684274
IMG_0229.JPG,41.801757,-72.684274
IMG_0230.JPG,41.801757,-72.684274
IMG_0231.JPG,41.801757,-72.684274
IMG_0232.JPG,41.801757,-72.684274
IMG_0233.JPG,41.801757,-72.684274
IMG_0234.JPG,41.801757,-72.684274
IMG_0235.JPG,41.801757,-72.684274
IMG_0236.JPG,41.801757,-72.684274
IMG_0237.JPG,41.801757,-72.684274
IMG_0238.JPG,41.801757,-72.684274
IMG_0239.JPG,41.801757,-72.684274
IMG_0240.JPG,41.801757,-72.684274
IMG_0241.JPG,41.801757,-72.684274
IMG_0242.JPG,41.801757,-72.684274
IMG_0243.JPG,41.801757,-72.684274
IMG_0244.JPG,41.801757,-72.684274
IMG_0245.JPG,41.801757,-72.684274
IMG_0246.JPG,41.801757,-72.684274
IMG_0247.JPG,41.801757,-72.684274
IMG_0248.JPG,41.801757,-72.684274
IMG_0249.JPG,41.801757,-72.684274
IMG_0250.JPG,41.801757,-72.684274
IMG_0251.JPG,41.801757,-72.684274
IMG_0252.JPG,41.801757,-72.684274
IMG_0253.JPG,41.801757,-72.684274
IMG_0254.JPG,41.801757,-72.684274
IMG_0255.JPG,41.801757,-72.684274
IMG_0256.JPG,41.801757,-72.684274
IMG_0257.JPG,41.801757,-72.684274
IMG_0258.JPG,41.801757,-72.684274
IMG_0259.JPG,41.801757,-72.684274
IMG_0260.JPG,41.801757,-72.684274
IMG_0261.JPG,41.801757,-72.684274
IMG_0262.JPG,41.801757,-72.684274
IMG_0263.JPG,41.801757,-72.684274
IMG_0264.JPG,41.801757,-72.684274
IMG_0265.JPG,41.801757,-72.684274
IMG_0266.JPG,41.801757,-72.684274
IMG_0267.JPG,41.801757,-72.684274
IMG_0268.JPG,41.801757,-72.684274
IMG_0269.JPG,41.801757,-72.684274
IMG_0270.JPG,41.801757,-72.684274
IMG_0271.JPG,41.801757,-72.684274
IMG_0272.JPG,41.801757,-72.684274
IMG_0273.JPG,41.801757,-72.684274
IMG_0274.JPG,41.801757,-72.684274
IMG_0275.JPG,41.801757,-72.684274
IMG_0276.JPG,41.801757,-72.684274
IMG_0277.JPG,41.801757,-72.684274
IMG_0278.JPG,41.801757,-72.684274
IMG_0279.JPG,41.801757,-72.684274
IMG_0280.JPG,41.801757,-72.684274
IMG_0281.JPG,41.801757,-72.684274
IMG_0282.JPG,41.801757,-72.684274
IMG_0283.JPG,41.801757,-72.684274
IMG_0284.JPG,41.801757,-72.684274
IMG_0285.JPG,41.801757,-72.684274
IMG_0286.JPG,41.801757,-72.684274
IMG_0287.JPG,41.801757,-72.684274
IMG_0288.JPG,41.801757,-72.684274
IMG_0289.JPG,41.801757,-72.684274
IMG_0290.JPG,41.801757,-72.684274
IMG_0291.JPG,41.801757,-72.684274
IMG_0292.JPG,41.801757,-72.684274
IMG_0293.JPG,41.801757,-72.684274
IMG_0294.JPG,41.801757,-72.684274
IMG_0295.JPG,41.801757,-72.684274
IMG_0296.JPG,41.801757,-72.684274
IMG_0297.JPG,41.801757,-72.684274
IMG_0298.JPG,41.801757,-72.684274
IMG_0299.JPG,41.801757,-72.684274
IMG_0300.JPG,41.801757,-72.684274
IMG_0301.JPG,41.801757,-72.684274
IMG_0302.JPG,41.801757,-72.684274
IMG_0303.JPG,41.801757,-72.684274
IMG_0304.JPG,41.801757,-72.684274
IMG_0305.JPG,41.801757,-72.684274
IMG_0306.JPG,41.801757,-72.684274
IMG_0307.JPG,41.801757,-72.684274
IMG_0308.JPG,41.801757,-72.684274
IMG_0309.JPG,41.801757,-72.684274
IMG_0310.JPG,41.801757,-72.684274
IMG_0311.JPG,41.801757,-72.684274
IMG_0312.JPG,41.801757,-72.684274
IMG_0313.JPG,41.801757,-72.684274
IMG_0314.JPG,41.801757,-72.684274
IMG_0315.JPG,41.801757,-72.684274
IMG_0316.JPG,41.801757,-72.684274
IMG_0317.JPG,41.801757,-72.684274
IMG_0318.JPG,41.801757,-72.684274
IMG_0319.JPG,41.801757,-72.684274
IMG_0320.JPG,41.801757,-72.684274
IMG_0321.JPG,41.801757,-72.684274
IMG_0322.JPG,41.801757,-72.684274
IMG_0323.JPG,41.801757,-72.684274
IMG_0324.JPG,41.801757,-72.684274
IMG_0325.JPG,41.801757,-72.684274
IMG_0326.JPG,41.801757,-72.684274
IMG_0327.JPG,41.801757,-72.684274
IMG_0328.JPG,41.801757,-72.684274
IMG_0329.JPG,41.801757,-72.684274
IMG_0330.JPG,41.801757,-72.684274
IMG_0331.JPG,41.801757,-72.684274
IMG_0332.JPG,41.801757,-72.684274
IMG_0333.JPG,41.801757,-72.684274
IMG_0334.JPG,41.801757,-72.684274
IMG_0335.JPG,41.801757,-72.684274
IMG_0336.JPG,41.801757,-72.684274
IMG_0337.JPG,41.801757,-72.684274
IMG_0338.JPG,41.801757,-72.684274
IMG_0339.JPG,41.801757,-72.684274
IMG_0340.JPG,41.801757,-72.684274
IMG_0341.JPG,41.801757,-72.684274
IMG_0342.JPG,41.801757,-72.684274
IMG_0343.JPG,41.801757,-72.684274
IMG_0344.JPG,41.801757,-72.684274
IMG_0345.JPG,41.801757,-72.684274
IMG_0346.JPG,41.801757,-72.684274
IMG_0347.JPG,41.801757,-72.684274
IMG_0348.JPG,41.801757,-72.684274
IMG_0349.JPG,41.801757,-72.684274
IMG_0350.JPG,41.801757,-72.684274
IMG_0351.JPG,41.801757,-72.684274
IMG_0352.JPG,41.801757,-72.684274
IMG_0353.JPG,41.801757,-72.684274
IMG_0354.JPG,41.801757,-72.684274
IMG_0355.JPG,41.801757,-72.684274
IMG_0356.JPG,41.801757,-72.684274
IMG_0357.JPG,41.801757,-72.684274
IMG_0358.JPG,41.801757,-72.684274
IMG_0359.JPG,41.801757,-72.684274
IMG_0360.JPG,41.801757,-72.684274
IMG_0361.JPG,41.801757,-72.684274
IMG_0362.JPG,41.801757,-72.684274
IMG_0363.JPG,41.801757,-72.684274
IMG_0364.JPG,41.801757,-72.684274
IMG_0365.JPG,41.801757,-72.684274
IMG_0366.JPG,41.801757,-72.684274
IMG_0367.JPG,41.801757,-72.684274
IMG_0368.JPG,41.801757,-72.684274
IMG_0369.JPG,41.801757,-72.684274
IMG_0370.JPG,41.801757,-72.684274
IMG_0371.JPG,41.801757,-72.684274
IMG_0372.JPG,41.801757,-72.684274
IMG_0373.JPG,41.801757,-72.684274
IMG_0374.JPG,41.801757,-72.684274
IMG_0375.JPG,41.801757,-72.684274
IMG_0376.JPG,41.801757,-72.684274
IMG_0377.JPG,41.801757,-72.684274
IMG_0378.JPG,41.801757,-72.684274
IMG_0379.JPG,41.801757,-72.684274
IMG_0380.JPG,41.801757,-72.684274
IMG_0381.JPG,41.801757,-72.684274
IMG_0382.JPG,41.801757,-72.684274
IMG_0383.JPG,41.801757,-72.684274
IMG_0384.JPG,41.801757,-72.684274
IMG_0385.JPG,41.801757,-72.684274
IMG_0386.JPG,41.801757,-72.684274
IMG_0387.JPG,41.801757,-72.684274
IMG_0388.JPG,41.801757,-72.684274
IMG_0389.JPG,41.801757,-72.684274
IMG_0390.JPG,41.801757,-72.684274
IMG_0391.JPG,41.801757,-72.684274
IMG_0392.JPG,41.801757,-72.684274
IMG_0393.JPG,41.801757,-72.684274
IMG_0394.JPG,41.801757,-72.684274
IMG_0395.JPG,41.801757,-72.684274
IMG_0396.JPG,41.801757,-72.684274
IMG_0397.JPG,41.801757,-72.684274
IMG_0398.JPG,41.801757,-72.684274
IMG_0399.JPG,41.801757,-72.684274
IMG_0400.JPG,41.801757,-72.684274
IMG_0401.JPG,41.801757,-72.684274
IMG_0402.JPG,41.801757,-72.684274
IMG_0403.JPG,41.801757,-72.684274
IMG_0404.JPG,41.801757,-72.684274
IMG_0405.JPG,41.801757,-72.684274
IMG_0406.JPG,41.801757,-72.684274
IMG_0407.JPG,41.801757,-72.684274
IMG_0408.JPG,41.801757,-72.684274
IMG_0409.JPG,41.801757,-72.684274
IMG_0410.JPG,41.801757,-72.684274
IMG_0411.JPG,41.801757,-72.684274
IMG_0412.JPG,41.801757,-72.684274
IMG_0413.JPG,41.801757,-72.684274
IMG_0414.JPG,41.801757,-72.684274
IMG_0415.JPG,41.801757,-72.684274
IMG_0416.JPG,41.801757,-72.684274
IMG_0417.JPG,41.801757,-72.684274
IMG_0418.JPG,41.801757,-72.684274
IMG_0419.JPG,41.801757,-72.684274
IMG_0420.JPG,41.801757,-72.684274
IMG_0421.JPG,41.801757,-72.684274
IMG_0422.JPG,41.801757,-72.684274